Sale Price,Lot Area,Full Bathroom,Half Bathroom,Bedroom,Kitchen,Total Rooms,Car Garage,Basement
215000,31770,1,0,3,1,7,2,1
105000,11622,1,0,2,1,5,1,0
172000,14267,1,1,3,1,6,1,0
244000,11160,2,1,3,1,8,2,1
189900,13830,2,1,3,1,6,2,0
195500,9978,2,1,3,1,7,2,0
213500,4920,2,0,2,1,6,2,1
191500,5005,2,0,2,1,5,2,0
236500,5389,2,0,2,1,5,2,1
189000,7500,2,1,3,1,7,2,0
175900,10000,2,1,3,1,7,2,0
185000,7980,2,0,3,1,6,2,1
180400,8402,2,1,3,1,7,2,0
171500,10176,1,1,2,1,5,2,1
212000,6820,1,1,1,1,4,2,1
538000,53504,3,1,4,1,12,3,1
164000,12134,2,0,4,1,8,2,0
394432,11394,1,1,1,1,8,3,1
141000,19138,1,0,2,1,4,2,0
210000,13175,2,0,3,1,7,2,1
190000,11751,2,0,3,1,7,2,0
170000,10625,2,0,3,1,6,2,1
216000,7500,2,1,3,1,7,2,1
149000,11241,1,0,2,1,5,2,1
149900,12537,1,1,3,1,6,2,1
142000,8450,1,0,3,1,6,1,1
126000,8400,1,0,2,1,4,2,1
115000,10500,1,0,3,1,5,0,0
184000,5858,2,0,2,1,5,2,1
96000,1680,1,1,2,1,5,1,0
105500,1680,1,1,3,1,6,1,0
88000,1680,1,1,3,1,6,1,0
127500,4043,2,0,2,1,4,2,0
149900,2280,2,1,3,1,6,2,0
120000,2280,1,0,2,1,4,1,0
146000,2280,2,1,3,1,7,2,0
376162,12858,2,1,3,1,10,3,0
306000,11478,2,0,3,1,7,3,1
395192,10159,2,1,3,1,8,3,1
290941,12883,2,0,3,1,7,3,0
220000,12182,2,0,3,1,7,2,0
275000,11520,2,0,3,1,7,3,0
259000,14122,2,0,3,1,8,3,0
214000,10171,2,0,3,1,7,2,0
611657,12919,2,1,2,1,11,3,1
224000,6371,2,0,2,1,6,2,1
500000,14300,2,1,3,1,10,3,1
320000,13650,2,1,3,1,7,3,1
319900,7658,2,0,2,1,6,2,1
205000,7132,2,0,2,1,6,2,0
175500,2628,2,1,2,1,6,2,0
199500,18494,2,0,3,1,6,2,0
160000,3203,2,0,2,1,6,2,0
192000,3182,2,0,2,1,6,2,0
184500,13300,2,1,3,1,7,2,1
216500,7851,2,1,4,1,8,2,1
185088,8577,2,1,3,1,7,2,0
180000,7750,2,1,3,1,7,2,0
222500,9505,2,1,3,1,8,2,0
333168,14774,2,1,4,1,10,3,0
355000,17433,2,1,4,1,7,3,0
260400,10593,2,0,3,1,7,2,1
325000,12256,2,1,3,1,9,2,1
290000,11764,2,1,4,1,9,3,0
221000,16770,2,1,4,1,7,2,0
410000,14720,2,1,4,1,9,3,1
221500,8987,2,0,2,1,6,3,0
204500,9215,2,0,2,1,4,2,0
215200,8640,2,1,3,1,7,2,0
262500,9000,2,0,3,1,7,2,1
254900,12552,2,1,3,1,8,2,0
271500,10440,2,0,2,1,6,2,1
233000,10142,2,1,4,1,8,2,1
181000,11920,2,1,3,1,8,2,0
205000,8880,2,1,3,1,8,2,1
143000,8012,2,0,2,1,5,1,0
189000,11218,2,1,3,1,8,2,0
99500,7892,2,0,2,1,5,1,0
125000,7175,1,0,2,1,4,1,1
194500,9453,2,1,3,1,7,2,0
152000,9672,2,0,3,1,6,2,0
171000,8400,2,1,3,1,7,2,0
67500,9800,1,0,2,1,5,1,0
112000,8930,2,0,4,2,8,2,0
148000,11782,1,0,3,1,6,2,1
138500,8450,1,0,3,1,5,1,1
122000,9819,1,0,3,1,5,1,0
133000,7500,1,1,3,1,5,1,1
127000,6897,1,1,3,1,6,1,1
169000,15410,2,0,3,1,7,2,1
190000,10186,2,1,3,1,8,2,1
362500,13143,2,1,4,1,9,3,1
285000,11134,2,1,4,1,7,3,1
260000,4835,2,0,2,1,6,2,1
190000,3515,2,1,2,1,3,2,0
155000,3215,2,1,2,1,4,2,0
151000,3182,2,1,2,1,4,2,0
149500,2544,2,1,2,1,4,2,1
152000,2544,2,1,2,1,4,2,1
222000,4403,2,1,2,1,7,2,1
177500,2117,2,1,3,1,5,2,0
177000,2980,2,1,2,1,5,2,1
155000,2572,2,1,3,1,6,2,1
147110,2403,2,1,2,1,4,2,0
267916,12853,1,1,1,1,6,3,1
254000,7379,2,1,3,1,7,2,1
155000,4420,1,0,1,1,3,2,1
206000,3880,1,0,1,1,4,2,1
130500,13517,2,1,3,1,6,2,0
230000,8000,2,0,3,1,6,2,1
218500,10456,2,0,4,1,8,2,1
243500,10791,2,1,4,1,9,2,1
205000,10603,2,0,3,1,6,2,1
212500,18837,3,0,3,1,7,2,0
196500,10421,2,1,3,1,7,2,0
197500,9360,1,1,3,1,5,2,1
171000,9600,1,2,4,1,7,2,0
142250,9600,1,1,3,1,6,2,1
143000,9790,1,1,3,1,6,2,1
128950,9320,1,1,3,1,6,0,1
159000,9900,1,0,3,1,6,2,1
178900,9680,2,0,3,1,6,2,1
136300,10600,2,0,3,1,8,2,0
180500,14112,1,0,3,1,6,2,1
137500,8800,1,0,3,1,6,2,1
84900,13260,2,0,6,2,10,0,2
142125,9717,1,0,2,1,5,1,1
197600,9724,2,0,3,1,7,2,0
172500,17360,2,0,3,1,6,2,0
116500,7207,1,0,2,1,4,0,1
76500,5350,1,0,3,1,6,0,0
128000,9920,1,0,3,1,6,1,1
153000,9600,1,0,3,1,7,1,1
132000,7800,1,0,2,1,7,1,0
178000,11380,1,0,2,1,5,1,1
154300,11600,2,0,5,2,12,2,0
180000,19900,2,0,3,1,7,2,1
190000,16492,2,1,2,1,6,2,0
135000,8267,2,0,4,2,8,2,0
214000,8197,2,0,3,1,7,2,1
136000,8050,1,0,3,1,6,1,1
165500,10552,1,1,4,1,6,2,0
145000,8400,1,0,3,1,5,1,1
148000,8760,1,0,3,1,6,1,1
142000,12160,1,0,3,1,6,2,1
167500,9300,1,0,3,1,6,2,1
108538,10725,1,0,3,1,6,1,0
159500,10032,1,1,3,1,6,2,1
108000,8382,1,0,3,1,5,1,0
135000,10950,1,0,2,1,4,1,0
122500,10895,1,0,3,1,5,1,0
119000,13587,1,0,2,1,5,1,1
109000,7922,1,0,3,1,5,1,1
105000,7898,1,0,2,1,4,2,0
107500,7200,1,0,2,1,5,1,0
144900,10200,1,0,3,1,6,2,1
129000,5868,1,0,2,1,4,1,1
97500,17503,1,0,3,1,6,1,0
144000,6979,0,0,0,2,4,2,2
162000,9830,1,0,3,1,7,2,1
242000,11275,2,1,5,1,11,2,0
132000,8064,1,0,3,1,5,1,1
154000,7500,1,1,3,1,6,1,1
166000,8520,2,0,4,1,6,2,0
134800,7200,1,0,3,1,5,2,0
160000,10000,1,1,3,1,5,2,0
148000,7635,1,1,3,1,6,2,0
192000,9760,1,0,2,1,7,2,1
155000,7700,1,1,4,1,7,2,0
80400,4800,1,0,3,1,9,1,1
96500,8800,1,0,3,1,7,0,0
109500,4485,1,0,2,1,5,0,1
115000,8960,1,0,2,1,5,2,0
143000,5805,1,0,3,1,6,2,1
107400,5790,2,0,3,2,8,1,0
80000,4608,1,0,2,1,4,1,0
119000,7200,1,0,2,1,4,1,1
130000,5500,1,0,3,1,6,2,1
119000,6900,1,0,3,1,6,1,0
129000,11851,1,0,3,1,7,1,0
100000,8239,1,0,3,1,6,1,0
12789,9656,1,0,2,1,5,2,0
105900,8520,1,0,2,1,5,2,0
150000,9600,2,0,3,1,7,1,0
139000,10800,2,0,4,1,7,1,1
240000,9000,3,0,3,1,7,2,0
76500,9045,2,0,4,2,12,0,0
149700,7407,1,0,2,1,6,2,1
125500,7740,1,0,3,1,6,2,0
122500,11340,2,0,4,2,11,2,0
140750,10560,1,1,2,1,6,2,0
128500,5830,1,1,3,1,7,1,0
209500,7793,1,1,3,1,8,1,0
87000,5000,1,0,2,1,4,1,1
134000,6000,1,0,2,1,5,1,1
128000,6000,1,1,3,1,6,2,0
132000,6360,1,1,3,1,7,1,0
139900,6000,1,1,3,1,6,1,0
123900,6240,1,0,2,1,5,2,0
138400,6240,2,0,4,1,7,2,0
109500,6120,1,0,2,1,5,1,1
140000,10300,2,0,3,1,9,2,0
149500,8094,1,1,4,1,9,2,0
159900,12900,1,1,3,1,7,0,0
122000,3068,1,0,3,1,6,1,0
110000,8472,1,0,2,1,5,2,1
55000,5600,2,0,3,2,7,0,0
140000,7630,2,0,4,2,8,2,0
244400,24090,2,0,4,1,10,1,0
173000,15263,2,0,3,1,8,1,0
107500,10632,1,1,3,1,6,1,0
100000,9900,1,0,3,1,6,0,1
95000,6001,1,0,3,1,5,1,0
93369,6449,1,1,4,1,7,0,0
114900,6048,2,0,2,2,7,2,1
94000,6342,1,0,2,1,6,0,0
136000,10773,2,0,4,2,8,0,2
136500,10778,2,0,4,2,8,0,0
131500,11625,1,1,3,1,6,2,1
121500,11341,1,1,3,1,5,2,1
125000,8521,1,0,3,1,5,1,0
154000,8246,1,0,3,1,6,1,1
137900,7800,1,0,3,1,5,1,1
158000,9364,1,1,4,1,7,1,0
137250,7832,1,0,2,1,4,1,1
160250,7424,1,0,3,1,5,2,1
163000,11227,1,1,4,1,7,2,0
158900,11616,2,1,3,1,6,2,0
328000,14000,2,1,3,1,7,2,1
270000,20062,1,1,1,1,4,2,1
85000,9259,1,0,2,1,4,2,0
128000,9600,2,0,2,1,4,2,0
260000,23595,0,1,0,1,4,2,2
230000,17082,2,1,4,1,8,2,1
124000,18600,2,0,4,1,8,1,0
83000,10625,1,0,2,1,5,1,0
144500,11479,1,0,3,1,6,1,1
129000,9571,1,0,3,1,6,1,1
127000,9350,1,0,3,1,8,1,0
128000,9525,1,0,3,1,5,1,1
186000,10420,2,0,3,1,6,2,0
308030,17485,1,0,1,1,5,2,1
114000,11200,2,0,3,1,5,2,0
84900,11100,1,0,2,1,6,1,0
178000,9206,2,1,3,1,7,2,0
270000,11980,1,1,1,1,4,2,1
218000,12361,2,1,3,1,8,4,0
236000,9938,2,1,3,1,8,2,1
147000,9069,1,0,2,1,5,2,1
245350,10475,2,0,3,1,7,3,0
206000,6762,2,0,2,1,6,2,1
198900,10402,2,0,3,1,6,3,0
187000,7360,2,0,2,1,6,2,0
320000,12376,3,0,5,1,11,3,1
138500,14235,2,0,3,1,6,2,0
155000,8816,1,0,3,1,6,2,1
159000,11105,1,0,2,1,4,2,1
191000,9337,2,1,3,1,8,2,0
200500,8750,2,1,3,1,7,2,0
150000,15240,1,1,3,1,5,1,1
161750,10900,1,1,3,1,6,1,0
128200,10650,1,0,3,1,5,1,1
127000,7480,1,0,3,1,5,2,1
318000,10389,2,1,3,1,8,3,1
272000,11423,2,0,3,1,6,2,1
237000,9548,2,1,3,1,7,2,1
240000,9375,2,1,4,1,9,2,0
224900,12137,2,0,3,1,6,2,0
143750,4435,1,0,1,1,4,2,1
143000,4426,1,0,1,1,3,2,1
232000,10635,2,0,3,1,8,2,1
213000,8400,2,0,3,1,7,2,1
185500,8773,2,0,3,1,6,2,0
84900,8777,1,0,2,1,5,1,0
155891,8842,1,0,3,1,6,1,0
100000,9825,2,0,4,2,8,0,0
144000,10044,1,0,3,1,6,1,1
64000,11792,1,0,2,1,5,2,0
125200,6305,1,0,3,1,5,1,1
107000,7819,1,0,3,1,6,2,1
90000,6410,1,0,3,1,5,0,0
140000,8546,2,0,2,1,5,2,0
113000,8741,1,1,3,1,7,1,0
80000,12180,1,0,2,1,5,1,1
144500,8562,1,0,4,1,7,1,0
104000,4853,2,0,2,1,5,1,0
128000,6858,1,1,4,1,6,1,1
58500,8212,1,0,2,1,5,1,1
127000,5000,2,0,3,1,6,1,0
126000,7890,1,0,2,1,4,2,1
160000,7200,3,0,6,2,10,0,0
100000,9839,1,0,3,1,7,0,1
169000,9638,2,0,4,1,10,1,0
257500,10452,1,1,4,1,8,1,1
215000,15600,2,1,5,2,11,2,0
266500,9042,2,0,4,1,9,1,0
335000,17500,2,0,3,1,7,2,1
203135,19645,2,1,3,1,6,2,1
185000,3907,1,0,1,1,4,2,1
162500,3907,2,0,2,1,5,2,0
289000,15602,2,0,1,1,6,2,1
125500,5436,1,0,3,1,7,1,1
82000,8154,1,0,1,1,4,1,0
110000,9140,1,0,2,1,5,1,0
68400,7500,1,0,2,1,6,2,0
102776,8712,1,0,2,1,7,1,0
55993,8712,1,0,2,1,4,2,0
50138,8712,1,0,3,1,5,1,0
246000,3811,2,0,2,1,5,2,1
254900,11050,2,1,3,1,8,3,1
190000,9620,2,0,3,1,6,2,0
201000,9196,2,0,3,1,7,2,0
169900,12328,1,0,3,1,6,3,1
170000,12760,3,0,5,2,9,2,0
160000,57200,1,0,3,1,7,2,1
220000,11896,2,0,3,1,6,3,1
179781,9803,2,0,2,1,6,2,0
174000,9802,2,1,3,1,7,2,0
269500,12003,2,1,4,1,8,3,0
214900,11316,2,1,4,1,8,2,1
202900,14191,2,1,4,1,9,2,0
378500,13214,2,0,3,1,10,3,0
169000,15300,1,0,2,1,7,2,1
173500,10114,2,0,3,1,7,2,0
139000,9400,2,2,4,2,8,0,0
166500,11875,2,0,3,1,7,2,0
83500,1974,1,1,3,1,6,1,0
119500,2394,1,0,2,1,5,1,1
85000,2592,1,1,3,1,4,1,0
76000,1476,1,1,3,1,5,0,0
75500,1491,1,0,1,1,3,0,1
88250,1900,1,1,3,1,5,0,0
85500,1890,1,1,3,1,5,1,0
130000,6953,1,0,3,1,5,1,0
157900,26142,1,0,3,1,6,1,0
149900,12887,1,0,2,1,5,2,1
159000,7700,4,2,4,2,10,2,0
136000,10475,1,1,3,1,6,2,0
161000,10544,2,0,5,1,8,1,0
285000,9892,2,1,3,1,6,2,1
231000,12961,2,1,3,1,7,2,1
124500,13008,1,0,2,1,5,1,0
157000,10200,2,0,4,1,7,2,1
345000,13860,2,1,4,1,9,2,1
189500,10179,2,1,3,1,7,2,0
270000,11792,2,1,4,1,9,3,0
189000,8400,2,1,3,1,7,2,0
377500,14892,2,0,3,1,7,3,1
168500,8530,2,1,3,1,7,2,0
375000,7296,2,0,1,1,8,2,1
278000,5664,2,0,2,1,5,2,1
240000,7380,2,0,2,1,5,2,1
239500,8013,2,0,2,1,6,2,1
177500,8923,2,1,3,1,7,2,0
185000,10141,2,1,3,1,7,2,0
191000,7500,2,1,3,1,7,2,1
178000,7837,2,1,3,1,7,2,0
185000,9765,2,1,3,1,6,2,0
181316,8803,2,1,3,1,7,2,1
166000,7250,2,0,3,1,6,2,0
178000,9636,2,1,3,1,7,2,0
174000,8125,2,1,3,1,6,2,0
173000,9248,2,0,3,1,6,2,1
225000,10762,2,1,3,1,9,2,0
180500,11851,2,0,3,1,5,2,0
187500,5814,1,0,1,1,4,2,1
501837,17423,2,0,1,1,9,3,1
372500,11844,2,1,3,1,7,3,0
260000,16158,2,0,3,1,7,2,1
185000,11900,2,1,3,1,6,2,1
260000,13005,2,1,4,1,10,2,1
181000,17043,2,0,3,1,7,2,0
82500,11900,2,0,3,1,6,2,0
215000,16635,2,0,3,1,8,2,0
154000,13250,2,1,4,1,8,2,0
200000,10928,2,0,3,1,7,2,0
249000,12388,2,1,4,1,9,2,0
187500,14115,2,0,3,1,6,2,1
184000,11088,2,0,3,1,7,2,0
278000,9600,2,1,4,1,9,2,1
157000,11880,2,0,3,1,7,2,0
152000,10400,2,0,3,1,6,2,0
197500,10304,2,1,4,1,9,2,1
240900,7000,2,1,3,1,7,2,1
263435,8004,2,1,3,1,8,2,1
220000,7500,2,1,3,1,7,2,0
235000,8470,2,1,3,1,7,2,0
213000,9373,2,0,3,1,7,2,1
167900,10140,2,0,3,1,6,2,1
158000,11050,2,0,3,1,5,2,0
165000,10140,2,0,3,1,7,2,0
158000,10448,2,1,3,1,7,2,0
136000,9000,2,2,4,2,8,0,0
148500,8750,1,0,3,1,5,2,1
156000,7930,1,0,3,1,5,2,1
128000,7830,1,1,2,1,6,2,0
143000,8510,1,1,3,1,6,1,1
76500,7038,1,0,3,1,5,2,1
120500,6960,1,0,3,1,5,2,0
124500,8120,1,0,3,1,5,2,0
97000,10500,1,0,2,1,4,2,0
130000,9000,1,0,3,1,5,2,0
111000,1680,1,1,2,1,5,1,1
125000,2368,1,1,3,1,7,2,0
112000,1680,2,1,3,1,6,1,0
97000,1680,1,1,2,1,5,1,1
118000,1680,1,1,2,1,5,1,0
119500,1680,2,1,3,1,6,1,0
143750,4928,2,0,2,1,5,2,0
146000,2308,2,1,3,1,7,2,0
148500,2280,2,1,3,1,7,2,0
123000,2280,2,0,2,1,4,2,0
147000,2308,2,1,3,1,6,2,0
137900,2349,2,1,3,1,6,2,0
147000,2364,2,1,3,1,7,2,0
148500,2289,2,1,3,1,7,2,0
138000,2364,2,1,3,1,6,2,0
128500,2104,1,0,2,1,5,1,0
100000,7150,1,0,3,1,5,1,0
148800,10710,1,0,3,1,5,2,0
337500,12456,2,0,3,1,7,3,1
462000,14257,3,1,4,1,10,3,1
485000,13518,3,1,4,1,11,3,0
555000,15431,2,0,2,1,10,3,1
325000,13173,2,0,2,1,6,2,1
256300,14230,2,0,3,1,7,3,0
253293,12704,2,1,3,1,8,3,0
398800,12350,2,1,3,1,8,3,1
335000,11308,2,1,3,1,10,3,1
404000,12350,2,0,3,1,7,3,1
402861,12220,2,1,3,1,9,3,1
451950,13478,2,1,3,1,10,3,1
610000,13693,2,1,2,1,8,3,2
582933,13891,3,1,4,1,12,3,0
360000,11578,2,0,3,1,7,3,0
296000,16870,2,0,3,1,7,3,1
409900,23303,2,1,5,1,10,3,1
255500,11146,2,0,3,1,7,3,0
335000,10367,2,0,3,1,8,3,1
274900,9591,2,0,3,1,7,3,1
300000,10872,2,0,2,1,6,3,1
324000,13514,2,0,3,1,7,3,1
350000,8834,2,1,4,1,10,3,1
280000,11362,2,0,3,1,7,3,1
284000,10655,2,0,3,1,7,3,1
269500,12878,2,0,3,1,8,2,1
233170,9541,2,0,3,1,7,2,0
386250,13472,2,0,3,1,8,3,0
445000,15274,2,0,3,1,10,3,2
290000,13262,3,1,4,1,10,3,0
255900,9658,2,0,3,1,6,3,0
213000,6904,2,0,2,1,6,2,0
196000,5381,2,0,1,1,5,2,1
184500,5122,2,0,1,1,5,2,1
212500,10307,2,0,2,1,6,2,1
230000,5001,2,0,2,1,6,2,1
552000,14836,2,1,2,1,8,3,1
382500,15262,2,1,3,1,8,3,1
320000,7390,2,0,2,1,6,2,1
248500,6472,2,0,2,1,6,2,0
286500,16770,2,0,3,1,8,3,1
254000,6240,2,0,2,1,6,2,1
173000,3480,2,0,2,1,6,2,0
173000,2268,2,0,2,1,6,2,0
184000,10928,2,1,3,1,8,2,0
167800,8918,2,1,3,1,7,2,0
174000,12589,2,1,3,1,8,2,0
174000,11911,2,1,3,1,6,2,0
174000,3684,2,0,2,1,7,3,0
175900,3635,2,0,1,1,7,3,0
192500,3182,2,0,2,1,7,2,0
181000,3182,2,0,1,1,7,2,0
180000,3182,2,0,2,1,5,2,0
160200,3182,2,0,2,1,5,2,0
188500,7795,2,1,3,1,6,2,1
200000,8068,2,1,4,1,8,2,0
170000,9434,2,1,3,1,6,2,0
189500,7984,2,1,3,1,7,2,0
184100,7750,2,1,3,1,7,2,1
195500,10125,2,1,3,1,7,2,0
192000,8965,2,1,3,1,8,2,1
178000,8174,2,1,3,1,7,2,1
207500,5063,2,0,2,1,6,2,1
236000,8795,2,1,4,1,8,2,0
257500,12891,2,1,4,1,8,3,1
244000,12224,2,1,3,1,7,2,1
167000,9734,2,1,3,1,7,2,0
179000,8123,2,1,3,1,7,2,0
190000,8433,2,1,3,1,7,2,1
156000,7750,2,1,3,1,7,2,0
245000,15896,2,1,4,1,8,3,1
181000,24682,2,1,3,1,7,2,0
214000,8755,2,1,3,1,8,2,1
168000,7848,2,1,3,1,7,2,0
337000,9430,2,1,3,1,8,3,1
403000,15138,2,1,4,1,9,3,1
327000,12720,2,1,4,1,10,3,1
340000,16545,2,1,3,1,7,3,1
336000,12203,2,1,4,1,8,3,1
265000,10208,2,1,3,1,7,3,0
315000,10750,2,0,3,1,7,3,1
260000,9900,2,1,4,1,9,3,1
260000,9085,2,1,3,1,7,2,1
263550,11692,2,1,3,1,8,2,1
402000,46589,2,1,4,1,8,3,1
248000,29959,2,1,3,1,7,2,0
244600,9612,2,0,3,1,6,3,0
275000,11194,2,0,3,1,7,3,0
257500,10206,2,1,3,1,7,3,0
287090,9262,2,0,3,1,7,3,0
275500,10130,2,0,3,1,7,3,1
245000,9139,2,0,3,1,7,2,0
253000,9675,2,1,3,1,8,2,0
468000,11128,2,0,2,1,9,3,1
252678,8640,2,1,3,1,7,2,1
210000,9000,2,1,3,1,6,2,0
208300,7862,2,0,2,1,4,2,0
225000,7993,2,0,3,1,6,2,0
229456,8640,2,0,3,1,6,2,1
229800,8640,2,0,3,1,7,2,0
250000,12606,2,0,3,1,7,3,0
370878,9187,2,1,2,1,7,3,1
238500,7500,2,0,2,1,6,2,0
310000,11003,2,1,3,1,10,3,1
270000,10603,2,1,3,1,8,3,1
252000,10574,2,1,3,1,9,3,0
241000,8125,2,0,2,1,7,2,1
264500,8125,2,0,3,1,8,2,0
291000,10625,2,0,3,1,8,3,1
263000,9375,2,1,4,1,8,2,0
185000,7500,2,0,2,1,6,2,1
234500,8736,2,0,3,1,6,2,1
209000,8127,2,1,3,1,6,2,1
159000,9605,1,1,3,1,6,2,0
152000,7500,1,1,3,1,6,2,1
143500,7500,1,1,3,1,5,0,0
193000,10628,2,1,3,1,8,2,0
203000,10141,2,0,3,1,6,3,0
184900,10083,2,0,2,1,5,2,1
159000,13072,1,1,3,1,6,2,0
142000,13072,1,1,3,1,6,0,0
153000,12450,2,0,3,1,6,2,1
224243,7328,2,0,2,1,6,3,0
220000,11492,2,1,4,1,8,2,1
257000,10994,2,0,2,1,7,2,1
189000,8529,2,0,3,1,6,2,0
171500,7703,2,1,3,1,6,2,0
120000,10762,1,1,3,1,6,1,0
145000,7175,2,0,2,1,5,2,0
184000,9109,2,1,3,1,6,2,1
162000,10274,2,1,3,1,6,2,0
160000,8250,2,0,4,2,8,2,0
82000,8400,1,0,2,1,4,1,0
76000,9000,1,0,2,1,5,2,0
110000,9750,1,0,3,1,5,2,1
135000,7064,1,0,3,1,6,2,0
141000,8499,1,0,3,1,5,2,1
122000,9079,1,0,2,1,5,1,0
124100,9316,2,0,3,1,5,1,0
129000,7791,1,0,3,1,6,1,1
131400,10000,1,0,3,1,6,1,1
62383,8281,1,0,3,1,5,1,0
123000,7150,1,0,3,1,6,1,0
275000,15676,2,0,2,1,6,3,1
235000,11949,2,1,3,1,7,2,0
280750,2880,2,1,3,1,9,3,0
164500,3951,2,1,2,1,4,2,0
173733,3000,2,1,2,1,4,2,0
222000,3830,2,1,2,1,6,2,0
195000,4217,1,1,1,1,5,2,1
172500,3230,2,1,3,1,6,2,0
180000,2998,2,1,2,1,4,2,1
156000,3768,2,1,3,1,6,2,1
172500,2645,2,1,3,1,7,2,1
318750,14694,2,0,2,1,5,2,1
211500,3782,1,0,1,1,4,2,1
241600,15417,1,1,2,1,7,2,0
180500,9600,2,1,4,1,5,2,0
150000,9991,2,0,3,1,8,2,1
154000,11700,1,1,4,1,8,2,0
185000,11717,2,0,2,1,6,2,0
185750,9156,2,0,3,1,7,2,0
200000,10382,2,1,3,1,7,2,1
206000,12732,2,1,3,1,7,2,0
162000,12936,1,1,3,1,6,2,0
256900,10400,2,1,5,1,8,2,0
197900,17871,1,1,3,1,7,2,1
163000,9600,2,0,3,1,6,2,0
113000,9000,1,0,3,1,5,1,1
230000,13774,1,2,4,1,8,2,0
167900,9650,2,0,2,1,6,2,0
213250,10140,2,0,3,1,7,2,1
227000,8400,2,1,3,1,6,2,1
130000,7130,1,0,2,1,5,1,0
143000,9600,1,1,3,1,7,2,0
117500,9100,1,0,2,1,5,1,0
168500,9600,2,1,4,1,8,2,0
172500,16500,2,0,3,1,5,2,0
161500,9790,2,0,3,1,7,2,0
141500,7436,1,0,2,1,5,2,1
118000,8125,1,0,3,1,5,1,0
127500,9100,1,0,2,1,5,1,0
140000,9450,1,0,3,1,6,3,1
177625,13495,2,0,3,1,7,2,1
110000,11475,2,0,4,2,9,3,1
167000,10004,1,1,3,1,6,2,0
153000,9350,1,1,3,1,6,2,1
145100,10500,1,1,3,1,6,2,1
154000,11000,1,1,3,1,6,2,0
177500,8970,2,1,4,1,7,2,0
158000,12095,1,1,3,1,7,2,0
124500,9600,1,0,3,1,6,1,1
174500,11475,1,0,4,1,7,2,1
122000,9768,1,0,2,1,5,1,1
82500,5330,1,0,2,1,5,0,0
110000,7015,1,0,3,1,5,1,1
149500,12160,1,0,2,1,6,2,1
175000,9900,1,0,2,1,5,2,1
167000,9600,1,0,3,1,7,2,1
128900,9600,1,0,2,1,5,1,0
140000,9600,1,1,3,1,6,1,0
147000,9600,1,0,3,1,5,1,0
124000,8944,2,0,4,2,8,3,0
187500,10573,2,0,3,1,6,2,1
159000,9500,1,1,3,1,6,2,1
256000,14695,2,0,2,1,5,2,1
205000,13600,2,1,3,1,7,2,0
193500,13000,2,1,4,1,8,1,0
110000,13560,1,0,2,1,5,2,1
104900,12513,2,0,4,1,7,1,0
150000,8760,1,0,3,1,6,1,1
156500,8400,1,1,3,1,6,2,1
176000,12285,1,1,3,1,5,2,0
149500,9240,2,0,3,1,6,1,1
139000,9600,2,0,3,1,6,1,1
155000,12400,1,0,3,1,6,1,0
120000,8750,1,0,3,1,6,1,0
153000,8750,1,0,3,1,6,1,0
144000,10400,1,0,3,1,6,1,1
176000,19296,1,0,3,1,6,2,1
153000,8532,1,0,3,1,5,2,0
135000,9482,2,0,4,2,8,2,0
131000,8128,1,0,3,1,6,1,1
123000,10634,1,0,3,1,5,1,1
126000,13070,1,0,2,1,5,2,0
115000,10434,1,0,2,1,5,2,0
164900,14559,1,0,2,1,6,1,1
113000,8480,1,0,2,1,4,1,1
145500,7626,1,0,2,1,5,1,1
102900,9533,1,1,2,1,7,1,0
95000,10615,2,0,3,2,7,2,1
152500,11419,1,1,3,1,6,2,1
129900,9600,1,0,3,1,6,1,0
132000,8000,1,0,2,1,5,1,1
99900,5470,1,0,2,1,4,1,0
135000,10410,2,1,3,1,8,1,0
149000,10800,2,0,4,1,7,2,0
114000,8146,1,0,2,1,6,1,0
109500,9022,1,0,2,1,5,1,0
125000,10230,1,0,3,1,6,1,0
142900,10410,2,0,3,1,8,2,0
156500,7200,2,0,4,1,5,2,0
59000,5400,1,0,2,1,4,0,1
105000,5400,1,0,2,1,6,1,0
106000,10800,1,0,2,1,4,2,0
78500,10800,1,1,1,1,4,1,0
190000,9671,2,2,6,2,12,3,0
154000,10143,1,1,3,1,6,1,0
163000,11500,1,0,3,1,6,2,1
200000,11643,2,2,6,2,12,4,1
143500,8010,1,0,2,1,6,2,1
135000,10454,1,0,3,1,5,1,0
153000,8712,1,0,2,1,5,1,1
157500,17600,2,0,3,1,6,2,1
113500,9000,1,0,2,1,5,1,0
133000,12144,1,0,3,1,6,1,0
92900,8544,2,0,2,2,6,2,0
128500,8064,1,0,3,1,5,2,0
90000,7200,2,0,2,2,6,2,0
138000,7200,1,1,3,1,7,1,1
128000,7350,1,0,3,1,6,1,0
139000,7560,1,0,3,1,6,1,0
118900,7200,1,0,2,1,4,1,1
138000,8000,1,0,3,1,6,1,1
132500,7931,1,0,3,1,6,1,1
133500,10800,2,0,4,1,6,1,0
135000,8064,1,0,3,1,6,2,0
144750,7570,1,1,4,1,8,2,0
145000,8604,1,0,2,1,4,2,1
127000,7936,1,0,3,1,6,1,1
109500,6600,1,0,2,1,5,1,0
115000,3950,1,0,3,1,5,1,0
110000,10440,1,1,2,1,5,2,0
128900,4080,1,0,3,1,6,1,0
103500,10307,2,0,4,2,12,2,1
66500,5720,1,1,3,1,5,1,0
130000,15660,1,1,3,1,6,2,0
129000,9900,2,0,3,1,7,0,0
150000,6406,1,1,3,1,7,2,0
107500,6600,2,0,4,2,11,1,0
94550,7627,2,0,4,2,8,0,0
124500,7596,2,0,4,2,10,2,0
135000,3378,1,1,3,1,6,1,0
103000,10134,1,0,3,1,6,0,0
93000,6000,1,0,2,1,4,2,0
129500,6000,1,1,3,1,6,1,0
93000,6000,2,0,3,2,7,1,0
80000,7404,1,0,2,1,5,2,0
45000,5925,1,0,1,1,4,1,0
37900,5925,1,0,2,1,6,0,0
91300,5784,1,0,2,1,4,1,0
99500,8520,1,0,2,1,5,1,0
113000,4456,2,0,2,3,8,0,0
87500,9600,2,0,3,1,7,2,0
110000,3500,1,1,2,1,5,1,0
106000,8100,2,0,2,3,11,2,0
265979,11700,1,1,4,1,8,4,0
160000,8400,2,0,3,1,8,1,0
119000,3600,1,0,3,1,5,1,1
168000,17671,1,1,4,1,8,2,0
58500,3300,1,0,2,1,5,0,0
143000,9000,1,0,3,1,7,2,0
85000,7200,1,0,2,1,4,1,1
124900,8820,1,0,2,1,7,2,0
119000,5400,1,0,3,1,6,1,0
146500,9720,1,0,4,1,8,3,0
34900,7879,1,0,2,1,4,0,0
44000,9392,1,0,2,1,5,0,0
223500,21384,1,1,3,1,6,2,2
149000,6615,1,0,3,1,6,1,0
205000,7264,2,1,3,1,5,2,0
137000,4960,2,0,3,1,7,1,0
121000,8854,1,0,2,1,4,1,0
128000,6000,1,0,3,1,6,1,0
134900,6000,1,0,2,1,4,2,0
117000,6000,1,0,3,1,5,1,1
132500,6000,1,0,4,1,6,1,0
93000,6000,1,0,3,1,6,1,0
119000,6000,1,0,2,1,4,1,0
100000,6911,1,0,2,1,5,2,0
141500,6120,1,1,3,1,5,2,0
133000,6120,1,0,3,1,6,1,0
60000,6120,1,0,1,1,4,0,0
105000,6120,1,0,2,1,5,1,1
115000,6120,1,0,2,1,5,1,0
150000,6120,2,0,3,1,6,1,0
126500,8635,1,0,2,1,5,5,1
214500,11888,2,0,5,1,10,2,0
167500,11414,1,0,3,1,8,2,0
155000,8094,2,0,3,1,8,2,0
155000,2500,1,1,4,1,7,1,1
179900,9928,2,0,3,1,8,1,0
104000,5520,1,0,5,1,8,0,0
62500,3000,2,0,4,2,11,0,0
149000,6876,2,0,4,1,8,1,1
103000,6240,1,0,2,1,5,2,0
123000,5775,1,0,3,1,7,1,0
97500,5852,2,1,6,1,9,0,0
135000,5160,1,0,3,1,4,1,0
70000,5160,1,0,1,1,5,0,1
116000,10320,1,1,3,1,7,1,1
88750,4280,1,0,2,1,4,1,0
179000,10800,3,0,3,1,5,0,3
179000,10800,3,0,3,1,5,0,3
159900,10547,2,0,2,2,6,1,2
61000,10020,0,1,1,1,4,0,1
103600,6629,2,0,3,1,6,1,1
63000,9780,2,0,4,1,6,1,1
175000,12886,2,0,3,1,6,2,0
139000,8816,1,0,3,1,5,2,1
172500,11184,2,1,3,1,7,2,0
113500,11625,1,1,3,1,6,1,0
130000,7800,1,0,3,1,5,1,0
149900,8014,1,0,3,1,5,2,0
134900,7252,1,0,2,1,5,2,1
137000,8740,1,0,2,1,4,2,1
139000,11616,1,0,3,1,6,1,0
165000,15400,2,0,4,1,8,1,0
148000,15312,1,0,3,1,6,2,0
165000,15584,1,1,4,1,9,1,0
63900,9000,1,0,2,1,5,0,0
161500,11250,1,0,5,1,8,1,1
143000,25095,1,0,1,1,5,1,2
135000,17140,1,0,3,1,6,1,0
82500,12342,1,0,1,1,4,2,0
190000,10708,1,0,2,1,7,1,1
139600,13680,2,0,4,1,8,2,0
122000,15635,1,0,2,1,6,2,0
127500,9855,1,0,3,1,7,2,0
121500,9571,1,0,2,1,5,1,1
60000,9571,1,0,3,1,5,1,0
154400,9350,1,1,3,1,6,1,0
113000,9340,1,0,2,1,4,1,1
125000,7440,1,0,3,1,5,1,1
84000,11500,1,0,3,1,5,1,0
139500,4235,2,0,2,1,5,1,1
131000,11409,1,1,3,1,8,1,0
105000,9060,1,0,2,1,6,1,0
108000,9084,1,0,4,1,7,1,1
162000,10778,1,1,1,1,4,2,1
156500,19255,1,1,2,1,5,2,0
316600,12327,1,1,1,1,5,2,1
271900,14684,2,0,3,1,7,3,0
213000,9317,2,1,3,1,7,2,1
239900,10560,2,1,3,1,8,2,1
239500,9828,2,1,3,1,8,2,0
131000,26400,1,0,4,1,7,2,0
118964,7018,2,0,4,2,8,2,0
153337,7018,0,2,2,2,6,2,2
147983,7018,2,0,6,2,8,2,0
118858,7018,2,0,4,2,8,2,0
118858,7018,2,0,4,2,8,2,0
142953,7018,2,0,6,2,12,2,0
148325,7040,0,2,2,2,6,2,2
113722,7007,2,0,4,2,8,2,0
269500,11855,4,2,6,2,8,4,2
269500,7939,4,2,6,2,8,4,2
269500,7976,4,2,6,2,8,4,2
323262,10933,1,1,1,1,8,3,1
297000,10637,2,0,3,1,7,3,1
295493,10226,2,0,3,1,8,3,1
332000,10816,2,0,3,1,8,3,1
239900,9178,2,0,3,1,6,3,0
212000,10769,2,1,3,1,7,2,0
272500,11422,2,0,3,1,7,2,1
239000,11923,2,0,2,1,7,2,0
220000,8814,2,1,3,1,8,2,1
200000,6762,2,0,2,1,6,2,1
221800,10324,2,0,2,1,5,3,1
194500,7314,2,0,2,1,6,2,1
237000,11645,2,0,3,1,7,3,0
173000,11646,2,1,3,1,7,2,0
275000,12800,2,0,2,1,5,2,1
233500,16698,2,1,3,1,7,2,1
185000,28698,2,1,3,1,7,2,0
152000,12464,1,0,3,1,6,2,1
143000,9757,1,0,3,1,5,1,1
231500,15426,2,1,3,1,7,2,1
212000,10667,2,1,3,1,6,2,1
207000,14753,2,0,3,1,5,2,1
145000,10859,1,1,3,1,6,2,0
138000,8072,1,0,3,1,5,2,1
197900,10400,2,1,3,1,6,2,0
204000,10335,2,0,3,1,6,2,1
192000,9017,2,0,3,1,6,2,1
200000,8750,2,1,3,1,7,2,1
195000,8935,2,1,3,1,7,2,0
227000,9808,2,0,3,1,6,2,1
230000,12420,2,1,3,1,6,2,1
187100,16285,2,0,3,1,6,2,0
203000,10739,2,0,3,1,6,2,1
201000,11166,2,0,3,1,6,2,0
124000,8430,2,0,3,1,5,0,0
140000,16269,1,0,3,1,5,1,0
134900,6950,1,0,2,1,5,2,1
150500,8800,2,0,3,1,5,2,0
136500,7000,1,0,3,1,6,1,1
143500,9286,1,1,3,1,5,1,0
133500,15523,1,0,3,1,5,1,1
123000,7200,1,0,2,1,6,2,0
133900,7200,1,0,2,1,5,1,0
133000,8445,1,0,2,1,5,2,1
250000,11664,2,0,3,1,6,3,1
254750,12334,2,1,4,1,8,2,0
236500,11838,2,0,3,1,7,2,0
261500,11885,2,1,3,1,7,2,1
313000,11050,2,1,3,1,8,3,1
198500,8749,2,1,3,1,6,2,0
211000,11250,2,1,3,1,6,2,0
220000,15750,2,0,2,1,5,2,1
203000,11883,2,0,3,1,6,2,1
279500,12782,2,0,3,1,7,2,1
210000,8750,2,0,3,1,7,2,1
219500,9375,2,1,3,1,8,2,1
191000,8750,2,1,2,1,7,2,0
178000,9100,2,0,3,1,6,2,0
213000,9750,2,0,3,1,6,2,0
144000,4435,1,0,1,1,4,2,1
140000,4435,1,0,1,1,4,2,1
293200,10200,2,0,3,1,7,3,1
190000,9313,2,1,3,1,7,2,0
190000,8487,2,0,3,1,6,2,0
173500,8633,2,1,3,1,7,2,1
170000,11069,2,1,3,1,6,2,0
108000,8777,2,0,2,1,5,2,0
167000,9937,1,0,3,1,7,2,1
100000,8877,1,0,2,1,3,1,1
198500,7301,3,0,4,1,7,2,0
159500,7950,1,1,3,1,6,2,0
127000,10682,1,0,3,1,7,1,1
125000,7200,1,0,3,1,6,1,1
320000,13286,2,0,3,1,8,3,1
145500,3675,1,0,2,1,5,2,1
118000,9405,1,0,2,1,4,0,0
85000,6410,1,0,3,1,5,1,0
120000,11767,1,0,3,1,6,1,1
98000,8405,2,0,4,1,9,1,0
99900,4060,1,0,2,1,4,0,0
82000,10206,1,0,2,1,4,2,0
119900,10926,2,0,6,2,10,0,0
103500,11767,1,0,2,1,7,1,0
112000,8926,1,0,3,1,5,1,0
110000,12354,1,0,3,1,7,2,0
122000,8212,1,0,3,1,6,1,0
117000,10998,2,0,3,1,6,2,0
160000,6300,1,1,3,1,7,1,0
159434,4500,1,0,3,1,6,1,0
60000,8400,1,0,1,1,3,1,0
139500,9900,2,0,3,1,7,1,0
197000,15863,2,1,5,1,12,2,1
105000,5707,1,1,3,1,6,1,0
135000,7804,2,0,4,1,7,2,1
147500,8574,1,0,3,1,6,2,0
137450,6171,2,1,3,1,7,1,0
155000,7200,1,0,3,1,6,2,1
177000,7558,1,1,3,1,9,2,0
145000,6292,2,0,3,1,6,1,0
137000,7155,1,0,3,1,6,1,0
234000,10918,1,1,3,1,9,1,0
205000,13680,1,1,2,1,6,2,1
177500,7500,1,0,3,1,7,1,0
160000,9600,1,1,2,1,7,1,1
155000,14680,1,0,2,1,5,1,0
163500,13360,1,0,2,1,5,2,1
154900,7681,1,1,3,1,7,1,0
205000,8145,2,1,5,2,13,2,0
144800,9100,1,0,2,1,6,1,1
174500,12000,1,1,3,1,7,1,0
193000,13339,2,0,3,1,6,2,1
158000,15600,2,0,3,1,7,1,1
158500,14000,1,0,3,1,6,1,0
224000,17500,1,1,3,1,6,2,1
115000,1733,1,0,2,1,5,2,0
137000,1488,1,1,2,1,5,2,1
121000,1612,1,1,2,1,5,2,0
124000,1300,1,1,2,1,5,2,0
208000,13607,2,1,3,1,6,2,1
315000,17597,2,0,3,1,7,2,1
222000,21695,2,0,3,1,5,2,1
147000,10690,1,0,3,1,6,1,0
123000,8660,2,0,5,1,11,2,0
78000,6402,1,0,3,1,6,1,0
85000,8470,1,0,2,1,6,0,0
75000,10200,1,0,2,1,4,1,0
230000,3843,2,0,2,1,5,2,1
57625,21780,1,0,1,1,4,1,0
251000,10125,2,1,3,1,7,3,0
239686,12822,1,1,1,1,6,2,1
240000,12118,2,0,3,1,7,2,0
215000,12209,2,1,3,1,7,2,1
156450,9750,1,0,2,1,5,1,1
173000,9360,1,1,2,1,5,2,1
126000,10125,2,0,4,2,8,2,0
173000,9947,2,0,3,1,6,2,1
152000,11070,2,0,2,1,5,2,1
137500,14375,1,0,3,1,7,2,0
375000,215245,2,0,3,1,8,2,2
315500,12898,2,0,2,1,6,3,1
224500,13159,2,1,3,1,6,2,0
410000,13438,2,0,3,1,9,3,1
316500,14463,2,0,3,1,7,3,1
201000,8925,2,0,3,1,7,3,0
175000,11457,2,0,3,1,6,2,1
204000,9839,2,1,3,1,7,2,0
213500,14419,2,1,3,1,7,2,2
220000,6853,2,0,2,1,6,2,1
170000,9157,2,1,3,1,9,2,0
315000,14601,2,0,2,1,8,3,1
425000,12633,2,0,2,1,7,3,1
139500,12518,1,0,3,1,6,1,0
115000,21750,1,0,3,1,9,2,0
162000,4500,2,0,2,1,5,2,1
165000,4500,2,0,2,1,5,2,1
91000,1596,1,0,2,1,5,1,1
130000,9858,1,0,3,1,5,1,1
86000,1526,1,0,1,1,3,1,1
160000,13383,2,0,3,1,7,2,0
80000,1477,1,0,1,1,3,1,1
97000,1533,1,1,3,1,6,0,0
88000,2217,1,1,3,1,6,1,0
131900,7689,1,0,2,1,4,1,0
131250,7706,1,0,2,1,5,1,0
165500,9101,1,0,1,1,4,2,1
112000,8780,1,0,3,1,5,0,1
149000,7669,1,0,2,1,5,2,1
143000,14115,1,1,1,1,5,2,1
130000,10429,1,1,3,1,6,2,0
196000,9819,2,0,2,1,5,2,1
173000,10457,1,1,4,1,7,2,0
176500,11029,1,0,3,1,6,2,1
237500,12925,2,1,4,1,7,2,0
206900,11075,2,1,4,1,9,2,0
187500,8702,2,1,3,1,7,2,0
165000,8139,2,1,3,1,7,2,0
195500,9535,2,1,3,1,7,2,0
192000,9042,2,1,3,1,7,2,1
173000,15038,2,1,3,1,7,2,0
177900,14137,2,0,3,1,7,2,1
175000,21872,2,1,3,1,6,2,0
286000,4923,1,1,0,1,5,2,1
247900,6264,1,1,1,1,6,2,1
180000,5395,2,0,2,1,5,2,1
180000,5070,2,0,2,1,5,2,0
181000,10839,2,1,3,1,7,2,0
183000,11184,2,1,3,1,7,2,0
188000,8000,2,1,3,1,8,2,1
194500,10832,2,1,3,1,7,2,0
185000,14067,2,1,3,1,7,2,1
189000,4671,2,0,2,1,5,2,1
188500,5950,2,0,2,1,5,2,1
355000,13543,3,1,5,1,9,3,0
325000,11198,2,1,4,1,11,3,0
387000,15401,2,0,2,1,7,3,1
115000,31220,1,0,3,1,7,2,0
334000,8118,2,0,2,1,6,2,1
133000,47280,2,1,3,1,6,2,0
215000,20544,2,1,3,1,7,2,0
226500,12680,2,0,2,1,6,2,1
175500,12090,2,0,3,1,7,2,0
181900,10825,2,0,3,1,6,2,1
235000,18559,2,0,3,1,7,2,1
220000,14450,2,0,3,1,6,2,0
272000,12227,2,1,4,1,11,2,1
161000,13068,2,0,3,1,6,2,1
175000,15611,2,0,3,1,6,2,0
185000,10400,2,1,3,1,7,2,0
146900,9743,1,1,3,1,7,2,0
292500,12511,2,1,4,1,8,4,0
180000,11361,2,0,3,1,7,2,0
159900,10400,2,0,2,1,5,2,0
205000,10480,2,1,4,1,8,2,0
157000,10000,1,1,3,1,5,2,0
306000,14311,2,1,4,1,9,3,1
133000,9000,2,2,4,2,8,2,0
151000,9750,1,1,3,1,6,2,1
111900,10295,1,0,2,1,4,1,0
123000,7560,1,0,3,1,5,2,1
111250,12735,1,0,3,1,5,2,0
181000,4060,2,0,2,1,5,2,1
103400,1680,1,1,2,1,5,1,0
100000,1680,1,1,2,1,5,1,1
100500,1890,1,1,2,1,5,1,0
106000,1869,1,1,2,1,5,1,0
85400,1680,1,1,2,1,4,1,0
89500,1680,1,1,2,1,5,1,0
111750,1680,2,1,3,1,6,1,0
140000,4043,2,0,2,1,4,2,0
143000,2308,2,1,4,1,7,2,0
148500,2529,2,0,2,1,4,2,0
110000,9477,1,0,3,1,5,1,0
394617,12444,2,0,2,1,7,3,1
426000,12474,2,1,3,1,9,3,1
385000,14803,2,0,2,1,7,3,1
446261,14948,2,1,3,1,11,3,1
317500,12704,2,0,3,1,7,3,1
372402,13891,2,0,2,1,6,3,1
417500,13693,2,1,4,1,9,3,1
383000,14418,2,0,2,1,7,3,1
390000,13418,2,1,4,1,9,3,1
460000,12539,2,1,4,1,10,4,1
379000,12151,2,1,3,1,9,3,1
250000,8899,2,1,4,1,10,3,0
316000,10574,2,1,4,1,9,3,1
615000,12720,1,1,1,1,7,3,2
412500,13688,2,1,3,1,10,3,1
284000,10625,2,1,3,1,8,3,1
284000,10845,2,0,2,1,7,3,1
421250,16900,2,1,4,1,10,3,1
370000,16451,2,1,4,1,9,3,0
336860,10110,2,0,2,1,7,3,1
367294,8769,1,1,1,1,7,3,1
192000,12304,2,0,2,1,6,2,0
274000,12677,1,1,1,1,6,2,0
266000,8849,2,0,2,1,6,2,0
370967,8232,2,0,2,1,6,3,1
234250,6240,2,0,2,1,6,2,1
219500,6240,2,0,2,1,6,2,0
155000,2448,2,1,2,1,6,2,0
154000,2448,2,1,2,1,6,2,1
207000,8198,2,0,2,1,6,2,1
195000,3940,2,0,2,1,6,3,1
219990,3940,2,0,2,1,7,3,1
191000,3182,2,0,2,1,7,2,0
159895,3182,2,0,2,1,6,2,0
187687,3710,2,0,2,1,5,2,0
179000,9024,2,1,3,1,8,2,0
193000,7415,2,1,3,1,8,2,1
190000,9587,2,0,2,1,5,2,1
176000,8029,2,1,3,1,8,2,0
188000,8010,2,1,3,1,7,2,0
213000,8396,2,1,4,1,9,2,0
217300,7301,2,0,2,1,6,2,1
186500,10261,2,1,3,1,8,2,1
226750,8220,2,1,3,1,8,2,0
184000,15384,2,1,3,1,8,2,1
176000,7750,2,1,3,1,6,2,0
225000,12460,2,1,4,1,8,2,0
185900,8390,2,1,3,1,7,2,0
284500,9660,2,1,3,1,9,2,0
315000,9200,2,1,4,1,8,3,1
250000,14260,2,1,4,1,9,3,1
291000,11000,2,1,4,1,8,3,0
350000,11675,2,0,2,1,5,3,1
279500,10990,2,1,4,1,12,2,1
290000,11929,2,1,4,1,9,3,0
350000,10437,2,1,2,1,7,3,1
341000,10542,2,1,3,1,9,3,1
287500,10010,2,1,4,1,9,3,1
271000,10944,2,1,3,1,5,2,1
301500,14303,2,0,2,1,7,2,1
235128,11932,2,0,3,1,7,3,0
214000,14598,2,1,4,1,9,3,0
232000,11957,2,0,3,1,7,3,0
240000,13253,2,0,3,1,7,3,1
264132,14587,2,0,2,1,6,2,0
245000,10206,2,0,3,1,6,3,0
227680,12274,2,0,3,1,6,2,0
257000,9801,3,0,3,1,7,3,0
297900,9428,2,1,3,1,8,3,1
247000,10037,2,0,3,1,6,2,0
212700,8640,2,0,3,1,6,2,0
250580,8640,2,0,3,1,6,2,0
182000,11639,2,0,3,1,6,2,0
226700,9803,2,1,3,1,7,2,0
250000,9375,2,1,3,1,9,2,0
250000,10625,2,1,3,1,9,3,0
339750,10800,2,1,3,1,8,3,1
205950,8125,2,1,3,1,7,2,0
256000,10625,2,0,3,1,7,3,0
230348,7500,2,0,2,1,6,2,1
207500,8791,2,1,3,1,7,2,0
141000,7500,1,0,3,1,6,0,1
188000,10110,2,1,3,1,7,2,1
192500,12774,2,1,3,1,8,2,0
146000,13072,1,0,3,1,6,0,1
159000,13695,1,1,3,1,6,2,1
155000,13695,1,0,3,1,6,2,1
173000,8366,2,1,3,1,6,2,0
170000,9260,2,0,3,1,6,2,0
182000,8453,2,1,3,1,6,2,0
163000,8480,2,1,3,1,7,2,0
193500,8125,2,0,3,1,7,2,1
189000,14565,2,1,3,1,6,2,0
190500,8450,2,1,3,1,7,2,1
175000,8285,2,1,3,1,7,2,0
179200,7153,2,0,3,1,6,2,1
187000,9291,2,1,3,1,7,2,0
193000,8012,2,0,2,1,5,2,1
153900,7892,2,0,2,1,5,2,0
128000,9100,1,0,3,1,5,1,1
144000,12968,1,0,2,1,4,1,1
135000,8100,1,0,3,1,5,1,1
115000,8450,1,0,3,1,5,1,1
119916,6360,1,0,3,1,5,1,0
142000,6768,1,0,3,1,5,1,1
192000,19508,2,0,3,1,6,2,0
140000,10759,2,0,4,1,5,2,0
290000,9205,2,1,4,1,9,2,1
372500,11025,2,1,4,1,10,2,1
196000,4282,2,0,2,1,5,2,0
171900,4017,2,1,2,1,5,2,0
178000,3435,2,0,1,1,5,2,0
165000,3180,2,1,2,1,5,2,1
146000,3180,2,0,2,1,5,2,0
146000,3604,2,0,2,1,5,2,0
179400,2280,2,1,3,1,6,2,0
172900,2280,2,1,3,1,6,2,1
300000,4765,2,0,2,1,5,2,1
285000,4538,1,1,1,1,5,2,1
290000,4385,1,1,2,1,5,2,1
305000,4109,2,0,2,1,5,2,1
328900,5119,2,0,2,1,5,2,1
160000,2160,2,1,2,1,4,2,1
170000,2160,2,1,3,1,5,2,1
223000,10646,2,1,3,1,7,2,1
170000,2645,2,1,3,1,7,2,1
200000,2645,2,1,3,1,7,2,1
345000,3951,2,1,2,1,7,2,1
245500,14963,1,1,1,1,4,2,1
217500,11064,1,1,1,1,4,2,1
324000,10846,1,1,1,1,6,2,2
162500,11120,2,0,3,1,6,2,0
150000,24572,2,2,3,1,9,3,0
290000,16280,3,0,3,1,6,2,1
205000,7500,2,1,3,1,7,2,0
174000,10400,2,0,3,1,7,2,0
183000,11104,2,0,4,1,7,2,0
150000,11050,1,1,4,1,8,2,0
145000,11040,2,0,3,1,5,2,0
215000,15387,2,0,4,1,8,2,0
140500,9750,2,0,4,2,8,2,0
240000,10800,2,1,4,1,9,2,0
141000,8814,1,1,4,1,7,2,0
147000,8872,1,0,2,1,5,2,1
135000,8125,1,0,3,1,5,2,1
145000,11072,2,0,6,2,10,2,0
142600,13101,2,0,6,2,10,2,0
135000,9246,2,0,4,2,8,2,0
170000,13355,1,1,4,1,7,2,0
299800,8963,3,1,4,1,11,2,0
185000,9120,2,1,4,1,8,2,0
173000,9130,1,1,4,1,7,2,0
178400,12122,1,0,3,1,6,2,1
176000,9900,2,1,4,1,9,2,0
98000,7785,1,0,2,1,6,1,0
109008,8593,1,0,3,1,5,1,0
135750,8475,1,0,2,1,4,1,0
155000,8700,2,0,3,1,6,2,1
180500,10175,2,0,3,1,7,2,0
174900,9020,1,1,3,1,6,2,1
140000,9200,1,0,3,1,5,1,1
145000,8250,1,0,3,1,6,2,1
179900,9350,2,0,3,1,6,2,0
168500,9020,1,1,3,1,6,2,1
140000,9900,1,0,3,1,5,2,1
145500,10007,1,1,3,1,5,1,1
142000,10721,1,0,3,1,7,2,0
141000,12493,1,0,3,1,6,1,1
153000,11332,1,0,3,1,6,1,1
72500,6627,1,0,2,1,4,1,0
52000,4130,1,0,2,1,5,0,0
118000,7420,1,0,2,2,5,1,1
87000,4882,1,0,2,1,5,1,0
141500,9600,2,0,3,1,6,2,0
119000,9600,1,0,3,1,6,1,0
141500,9600,1,0,3,1,7,1,1
165500,9600,1,0,3,1,8,1,1
112900,7584,1,0,3,1,5,1,0
201800,13700,1,2,4,1,8,2,0
163000,10197,1,1,3,1,6,2,1
139950,7875,1,0,3,1,6,2,1
174000,8400,1,1,3,1,7,2,1
165000,9150,1,0,3,1,6,1,0
227000,14670,2,1,4,1,9,2,0
135000,7390,1,0,3,1,6,1,1
124000,9204,1,1,3,1,6,1,1
140000,7763,1,0,3,1,6,2,1
136500,8856,1,0,3,1,6,1,1
185000,9840,2,0,2,1,7,1,1
163000,9120,1,0,3,1,6,2,1
166800,13200,1,0,3,1,5,2,1
139000,9000,1,0,2,1,6,1,1
166000,11900,1,1,3,1,6,2,1
136000,9464,1,0,3,1,5,1,0
133000,10425,1,0,3,1,5,1,1
116000,11556,1,0,2,1,4,1,1
137500,9373,1,1,3,1,6,2,0
130000,12774,1,0,2,1,5,2,0
180000,14250,2,0,3,1,6,2,0
139000,7350,1,0,2,1,4,2,1
110000,7677,1,0,2,1,4,1,0
100000,8838,2,1,4,1,7,1,0
118500,8480,1,0,2,1,6,1,0
146000,12436,2,0,5,2,9,2,0
89900,10122,1,0,1,1,3,1,0
114000,7506,1,0,3,1,5,1,0
140000,10930,1,1,3,1,6,1,1
86900,5400,1,0,2,1,4,1,0
139000,10836,1,0,3,1,7,4,0
106250,10800,2,0,3,2,7,0,0
171000,9247,1,1,4,1,8,2,0
139000,10180,1,1,3,1,5,2,0
186000,11355,1,1,3,1,6,2,0
157000,10920,1,1,2,1,5,1,1
148000,12929,1,0,3,1,5,1,1
242000,27650,2,0,4,1,9,2,1
116000,8892,1,0,3,1,5,2,0
94000,7200,1,0,2,1,5,2,0
98300,7200,1,0,3,1,7,2,0
127000,7910,2,0,4,1,7,1,0
159000,8000,1,1,3,1,6,1,1
125900,8000,1,0,3,1,6,1,0
155000,7931,1,1,3,1,6,1,0
138000,8064,2,0,3,1,5,2,0
112500,6390,1,0,2,1,4,1,1
105500,7227,1,0,2,1,4,2,0
127500,7200,1,0,4,1,6,1,0
130000,8513,2,0,6,2,10,0,0
150000,7200,1,1,3,1,6,2,0
109500,7200,1,0,2,1,4,1,0
140000,7056,1,1,4,1,8,2,1
167900,9760,1,1,4,1,7,2,1
136870,7590,1,0,3,1,6,1,0
143000,9836,1,0,3,1,7,1,1
73000,5232,1,0,2,1,4,2,0
157500,10440,2,0,3,1,8,2,0
122600,9184,1,0,3,1,6,2,0
111000,4800,1,0,2,1,6,1,0
256000,10440,2,0,5,1,8,2,0
64000,4800,1,0,2,1,4,1,0
139500,6000,1,1,4,1,7,1,0
118000,11426,2,0,3,2,9,0,0
200000,11426,2,1,3,1,6,2,0
119164,7628,2,0,2,1,8,2,0
122250,7308,1,0,2,1,6,1,0
120000,5400,1,0,2,1,5,0,0
155000,10800,2,0,3,2,8,2,0
78000,6756,1,0,2,1,5,1,0
95000,5914,1,0,3,1,5,0,0
115000,6000,1,0,2,1,5,1,0
147000,12000,1,0,2,1,6,2,1
140000,9000,1,0,3,1,5,3,0
46500,7311,1,0,1,1,3,1,0
112500,6000,1,0,3,1,5,1,0
107900,6000,1,0,2,1,4,1,0
65000,12205,2,0,5,1,6,0,0
295000,18386,3,0,3,1,10,3,0
139500,9142,2,0,4,2,10,2,0
153900,12665,1,1,4,1,7,3,0
132000,5350,1,0,3,1,7,1,0
98000,4571,1,0,4,1,7,3,0
114000,9143,1,0,2,1,5,1,0
130000,9600,2,0,4,2,10,2,0
129500,9600,1,1,3,1,8,2,0
129400,6000,1,1,3,1,7,0,0
161000,9600,2,0,3,1,7,2,0
163000,10800,2,0,3,2,7,2,0
128000,6300,2,0,3,1,9,0,0
122000,5250,2,0,4,1,8,0,0
116900,5700,1,0,2,1,5,1,0
325000,13500,3,1,3,1,9,2,0
55000,11340,1,0,2,1,5,2,0
184000,10800,2,0,5,1,10,2,0
110000,9750,1,0,2,1,5,1,1
131500,12150,2,0,4,1,7,1,0
97000,12702,1,0,2,1,4,1,0
115500,8516,1,0,2,1,5,1,0
138000,7111,1,0,2,1,5,1,0
108000,7425,1,1,3,1,8,1,0
79500,9100,1,0,2,1,4,1,0
153000,7010,2,0,3,1,6,1,0
109500,6130,1,0,2,1,5,0,1
124000,5000,1,0,3,1,6,1,0
106900,5870,1,1,3,1,6,1,0
164900,6000,1,1,3,1,6,1,0
119000,6000,1,0,2,1,5,2,0
120000,6000,1,0,3,1,5,1,0
157000,6000,2,0,3,1,5,1,0
105000,6000,2,0,2,2,7,1,0
113000,5000,1,0,3,1,6,1,0
115000,5520,1,0,3,1,6,1,1
79000,5940,1,0,2,1,4,1,*
123000,6240,1,0,2,1,6,1,0
81300,6120,1,0,1,1,6,1,0
162900,6240,2,0,3,1,8,2,0
150000,6240,2,0,4,1,7,2,0
123500,6120,2,0,4,1,7,2,0
129900,6120,2,0,2,2,8,2,0
128000,6155,2,0,3,1,6,2,0
68500,6324,1,0,1,1,4,1,0
127000,8635,1,0,2,1,6,1,1
207000,13053,1,1,4,1,8,2,0
184000,9120,2,0,4,1,8,1,1
162500,9144,2,0,4,1,8,2,0
145000,9144,1,0,3,1,8,1,1
130000,10267,1,0,2,1,5,1,1
160000,8094,2,0,5,1,8,1,0
161000,5100,1,0,3,1,7,1,0
127500,4347,1,0,3,1,7,1,0
93850,6291,1,0,1,1,4,2,0
136000,10266,1,1,4,1,7,1,0
141000,6876,2,0,4,1,9,2,0
120000,10320,2,0,2,1,6,2,0
127500,7200,1,0,2,1,5,2,0
127000,7006,2,0,3,1,6,1,1
89500,7920,1,0,3,1,6,0,0
125000,8235,1,0,2,1,4,2,1
79900,5586,1,0,4,1,7,0,0
85000,10320,1,0,1,1,5,2,0
82375,10320,2,0,3,2,8,0,0
135000,10320,1,0,3,1,7,1,0
124000,9488,1,0,3,1,6,1,0
134000,8250,1,0,3,1,5,1,0
135000,21286,2,0,4,1,7,1,0
134432,17120,2,0,4,1,7,2,0
127500,10106,2,0,4,2,6,0,1
148000,11235,1,0,3,1,6,2,1
129500,11200,1,0,3,1,5,1,1
157500,13014,1,0,3,1,6,2,1
109900,7162,1,0,3,1,6,1,0
145000,10265,1,0,3,1,6,1,1
130000,9764,1,0,3,1,5,2,1
153000,7703,1,0,3,1,6,2,0
120000,9981,1,0,3,1,6,1,0
152000,7400,1,0,2,1,5,2,1
108959,12900,0,2,0,2,6,2,2
95541,12900,1,0,3,1,6,2,1
80000,9000,1,0,3,1,5,0,0
149350,8544,1,1,3,1,6,1,0
144900,9239,1,0,3,1,6,1,1
185000,14175,1,0,1,1,4,2,1
165000,13284,1,0,3,1,6,1,1
235000,13500,1,0,1,1,4,2,1
140000,13825,1,0,3,1,6,1,0
108000,10200,1,0,2,1,4,1,0
145000,10532,2,0,3,1,7,2,1
152400,8375,1,1,2,1,6,3,1
144000,10200,1,0,3,1,5,3,0
173000,2887,1,0,2,1,6,2,1
192000,10005,2,1,4,1,8,2,0
245000,20270,2,0,3,1,7,2,1
241500,39104,1,0,2,1,5,2,1
256000,53227,1,0,2,1,6,2,1
177000,11512,1,0,2,1,5,1,1
125600,5190,1,0,2,1,5,1,0
155000,10452,1,0,3,1,5,2,0
240000,45600,3,0,5,1,10,2,0
260000,19550,1,0,2,1,5,0,1
185000,21780,2,0,4,1,8,2,0
235000,13728,2,0,4,1,7,2,0
159900,9571,1,0,3,1,6,1,1
99600,9350,1,0,2,1,4,0,1
134500,9360,1,1,3,1,7,1,0
119000,8405,1,0,4,1,7,1,1
107500,7000,1,0,3,1,5,0,1
125000,10880,1,0,3,1,5,1,1
79000,9600,1,0,2,1,5,0,0
95000,9084,1,0,3,1,5,1,0
262280,11839,2,1,4,1,10,2,1
260000,9771,2,1,4,1,9,2,0
226500,9938,2,1,3,1,7,2,1
225000,14171,2,1,4,1,9,2,0
229000,10541,2,1,3,1,8,2,0
177439,10616,2,1,3,1,6,2,0
248500,9345,2,0,3,1,7,3,0
475000,11778,2,0,3,1,7,3,1
395039,11778,2,1,3,1,8,3,1
228000,11228,2,1,3,1,9,3,0
225000,11454,2,0,3,1,6,3,1
195000,11500,2,0,2,1,6,2,1
200000,12798,2,1,4,1,8,2,1
155000,9750,1,0,3,1,5,2,1
144000,9525,1,1,3,1,6,1,0
145000,9245,1,0,3,1,5,2,0
226001,8696,2,0,3,1,5,2,1
215700,13142,2,1,3,1,6,2,1
207500,8998,2,1,3,1,6,2,0
193000,9179,2,1,3,1,7,2,1
188000,8924,2,1,3,1,8,2,0
191000,9382,2,0,3,1,6,2,0
221000,12803,2,0,3,1,6,2,1
231500,12435,2,1,3,1,7,2,0
235000,12192,2,1,3,1,6,2,1
223500,11250,2,1,3,1,6,2,1
130250,9200,1,0,3,1,5,1,1
149900,8385,2,0,3,1,6,1,0
158000,12250,1,0,3,1,5,2,1
147000,10970,1,0,3,1,5,2,1
143195,9216,1,1,3,1,5,2,0
163000,14330,2,0,2,1,5,2,1
110000,7990,1,0,3,1,5,1,0
127000,7180,1,0,3,1,5,1,0
124900,7200,1,0,2,1,4,1,0
230000,9742,2,0,3,1,7,2,0
237000,9473,2,1,3,1,7,2,1
235000,10316,2,1,3,1,7,3,1
230500,10400,2,1,3,1,8,2,0
230000,9066,2,1,3,1,7,3,0
222500,11404,2,1,3,1,8,2,0
287000,9240,2,1,3,1,7,2,0
274000,9720,2,1,3,1,7,3,1
300000,14860,2,0,3,1,6,3,1
255900,11250,2,1,4,1,9,2,0
224900,8158,2,1,3,1,8,2,1
240000,10905,2,1,4,1,9,2,0
183000,7226,2,1,3,1,6,2,0
207000,11690,2,1,3,1,7,2,0
210000,8750,2,1,4,1,8,2,1
136500,4435,1,0,1,1,3,2,1
145000,4426,1,0,1,1,3,2,1
208900,13125,2,0,3,1,7,2,1
185000,10126,2,0,2,2,8,3,2
214000,9135,2,0,3,1,7,2,1
208500,8450,2,1,3,1,8,2,1
186500,9750,2,0,3,1,6,2,0
210000,8450,2,0,3,1,8,2,1
185900,8320,2,1,3,1,6,2,0
179900,11049,2,0,3,1,7,2,0
218836,11058,2,0,3,1,6,3,0
193000,9627,2,0,3,1,6,2,0
189000,8199,2,1,3,1,7,2,1
149300,4426,1,0,1,1,3,2,1
141000,4426,1,0,1,1,3,2,1
149000,4438,1,0,1,1,3,2,1
144500,4438,1,0,1,1,4,2,1
85000,8777,1,0,2,1,4,0,0
145900,8777,2,2,4,2,9,0,2
123000,9825,1,0,3,1,6,1,0
147500,9937,1,1,3,1,6,1,1
165000,12102,1,0,3,1,6,2,0
135000,6500,1,1,3,1,6,2,0
108000,13907,1,0,3,1,6,0,1
137500,10012,2,0,3,1,6,2,1
165400,6931,2,1,3,1,7,2,0
147000,9638,1,0,3,1,6,2,1
160500,7200,1,1,3,1,6,2,0
176000,7024,1,1,2,1,5,2,1
284700,47007,3,1,5,1,11,2,*
160000,63887,2,1,3,1,12,2,2
148000,3675,1,0,2,1,5,2,1
82000,6040,2,0,2,2,6,0,0
82000,6012,2,0,2,2,6,0,0
118000,12108,2,0,4,2,8,0,0
82500,6845,2,0,2,2,6,0,0
91900,6931,1,0,2,1,4,0,1
120000,12180,1,1,2,1,5,0,0
96000,8050,1,1,4,1,8,0,0
99000,9520,1,0,2,1,5,1,0
130500,11767,1,0,3,1,6,1,0
135000,8172,2,0,4,1,7,1,0
135500,16466,1,1,3,1,8,1,0
100000,7692,1,0,3,1,6,1,0
108000,5142,1,1,3,1,6,1,0
98000,5604,1,0,2,1,5,0,1
67000,8248,1,0,2,1,5,0,1
135900,5687,2,0,6,1,9,0,1
140000,12155,2,0,4,1,7,1,0
179500,8400,2,1,4,1,8,1,0
136500,8400,2,0,4,1,7,2,0
168000,7290,2,0,2,1,7,1,0
130000,8525,1,1,4,1,7,0,0
189000,9842,3,1,4,1,8,2,0
161900,7804,2,2,4,2,10,2,2
145000,8969,1,0,2,1,6,1,1
191000,11526,2,0,3,1,11,2,0
177000,15576,2,0,4,1,8,1,0
147500,15564,1,0,3,1,6,2,0
91000,6292,1,0,2,1,4,1,0
231000,7609,2,0,3,1,7,1,1
115000,10480,1,0,3,1,6,1,0
138000,9650,1,0,4,1,7,2,0
149000,7200,1,1,3,1,6,1,0
188700,11988,1,1,3,1,6,1,0
198000,11700,2,0,4,1,7,1,0
110000,9260,1,0,3,1,6,1,0
104000,7801,1,0,2,1,5,1,0
257076,9670,1,1,4,1,9,2,0
381000,14100,3,1,4,1,11,3,0
311500,15660,1,1,3,1,8,2,0
263400,12392,2,1,3,1,8,2,1
236500,26073,2,1,3,1,7,2,0
224000,14778,1,0,3,1,7,2,1
116500,1879,1,0,2,1,5,2,0
151000,1950,2,1,3,1,6,2,1
126000,7000,1,0,2,1,5,1,1
120000,6000,1,0,3,1,5,1,0
55000,3636,1,0,2,1,5,0,0
120500,5890,1,0,2,1,5,1,0
120500,6900,1,0,2,1,4,1,0
119000,8155,1,0,4,1,7,0,0
126000,6000,1,1,3,1,7,1,0
99500,7392,1,0,2,1,5,1,0
165500,9000,2,0,4,1,7,1,0
13100,14584,1,0,2,1,4,2,0
89000,5280,1,0,2,1,6,1,0
40000,8500,1,0,3,1,6,1,0
80900,5150,1,0,2,1,5,1,0
81000,18000,1,0,2,1,6,3,0
65000,9000,1,1,3,1,5,1,0
392500,5587,2,0,2,1,5,2,1
294464,3843,2,0,2,1,5,2,1
250000,3811,2,0,2,1,5,2,1
275000,3842,2,0,2,1,5,2,1
300000,23730,3,0,3,1,7,3,1
271000,13265,2,0,3,1,7,3,1
213000,11050,2,1,3,1,8,3,0
171000,9880,1,0,3,1,6,1,1
171500,10125,2,0,3,1,6,2,0
100000,10260,2,2,4,2,8,2,0
228500,9990,2,0,3,1,6,2,1
228950,164660,2,0,3,1,7,2,2
241500,4084,2,0,2,1,6,2,1
287000,15498,2,0,2,1,10,2,1
294000,11563,2,0,3,1,8,3,1
293077,9520,2,0,3,1,7,3,1
264966,12852,2,1,3,1,6,2,1
172500,9802,2,1,3,1,6,2,0
167500,9735,2,1,3,1,7,2,0
218689,12018,2,1,3,1,6,3,0
150000,12890,2,0,3,1,8,2,0
184000,12416,2,0,3,1,7,2,1
180000,18265,2,0,3,1,6,2,0
175000,10200,2,0,3,1,5,2,1
232500,11202,2,0,3,1,7,2,1
195000,7915,2,0,3,1,6,2,1
305000,12244,2,1,4,1,10,3,1
298751,11449,2,0,3,1,7,2,1
370000,11447,2,1,3,1,7,3,1
209200,8940,2,0,2,2,8,4,2
206300,7060,2,0,2,2,8,4,2
146000,9278,1,0,2,1,5,0,0
160500,4500,2,0,2,1,4,2,1
173000,14137,1,0,3,1,6,3,1
124000,4224,1,0,3,1,6,2,0
115000,2665,1,1,3,1,4,1,0
129500,2665,2,0,4,1,6,1,0
105000,1974,1,0,2,1,5,1,1
94900,1596,1,0,1,1,4,1,1
152500,17979,1,0,3,1,6,1,1
98000,1477,2,1,3,1,6,0,0
81000,1890,1,0,1,1,3,0,1
113000,21750,1,0,2,1,4,2,0
128500,6490,1,0,2,1,4,1,0
119500,6951,1,0,3,1,5,1,1
130500,6600,1,0,3,1,5,1,0
138000,6600,1,0,2,1,4,2,1
134500,6600,1,0,3,1,6,1,0
160000,12508,2,0,4,1,7,1,1
137500,12395,1,0,3,1,6,2,0
172000,11075,2,1,4,1,7,2,0
103000,56600,2,0,4,1,7,1,0
167300,10667,2,0,3,1,7,2,0
167000,10628,1,0,2,1,5,2,1
244000,13651,2,0,3,1,8,2,1
268000,15865,2,0,4,1,8,2,1
225000,12394,2,1,3,1,7,2,0
168000,10364,2,1,3,1,7,2,0
177000,13869,2,0,3,1,6,2,0
169000,8773,2,1,3,1,7,2,0
161500,8872,2,1,3,1,7,2,0
251000,5330,2,0,2,1,6,2,1
160000,10147,2,1,3,1,7,2,0
180000,8637,2,1,3,1,7,2,1
178750,7875,2,1,3,1,6,2,0
176000,7875,2,0,3,1,6,2,0
204000,7500,3,1,5,1,7,2,0
160000,9556,2,0,3,1,6,2,0
160000,10784,2,1,3,1,7,2,0
163900,9125,2,1,3,1,7,2,0
168000,7655,2,1,3,1,7,2,0
154204,18160,1,0,3,1,6,2,1
170000,3696,1,1,2,1,5,2,0
207500,5062,2,0,3,1,6,2,1
182000,4740,2,0,2,1,5,2,1
212000,5118,1,0,1,1,4,2,1
377426,14157,2,0,3,1,8,3,1
349265,12328,3,1,4,1,10,3,1
591587,51974,2,1,4,1,8,3,1
155000,41600,1,1,3,1,7,3,1
319900,8035,2,0,2,1,6,2,1
392000,8089,2,0,2,1,7,2,1
441929,14082,1,1,1,1,7,2,1
455000,13870,2,0,3,1,8,3,1
182900,12546,2,0,3,1,7,2,0
174000,10960,2,0,3,1,5,2,1
178000,12090,3,1,3,1,7,2,0
176000,12090,2,1,3,1,6,2,0
213000,12299,2,0,3,1,7,2,1
192000,11339,2,1,4,1,9,2,1
190000,11952,2,1,3,1,8,2,0
195000,12046,2,1,4,1,8,2,0
148000,10395,2,0,3,1,6,2,0
151500,11850,2,0,3,1,6,2,0
197000,11584,2,1,3,1,6,2,0
192350,10400,2,0,2,1,5,2,1
152000,10793,2,1,4,1,7,2,0
170000,13001,2,0,2,1,6,2,0
175000,12243,2,0,3,1,7,2,0
175000,11700,1,2,3,1,7,2,0
197900,12384,2,1,3,1,7,2,0
174000,8991,2,0,3,1,5,2,0
178900,8000,2,1,4,1,8,2,1
139000,10500,1,0,3,1,5,1,0
143250,10530,1,1,3,1,5,2,1
184000,7472,1,1,4,1,7,2,1
155000,9457,1,0,3,1,7,2,1
133000,7920,1,0,3,1,5,1,0
119500,9758,1,0,3,1,5,1,0
123000,8294,1,0,3,1,5,4,0
110000,7340,1,0,2,1,4,1,0
128000,17199,1,0,2,1,4,1,0
120500,9000,1,0,3,1,5,2,0
133000,4058,1,0,1,1,4,1,1
155000,4113,2,0,2,1,5,2,0
177000,10943,2,0,2,1,5,2,1
113500,2205,1,1,3,1,6,1,0
113000,1890,1,1,3,1,7,1,0
113700,2058,1,1,4,1,7,1,0
106000,2016,2,1,3,1,6,2,0
122500,1920,1,1,2,1,6,2,1
128000,4928,2,0,2,1,5,2,0
155000,2308,2,1,3,1,7,2,1
142500,2304,2,0,2,1,4,1,0
129250,7150,1,0,3,1,5,1,1
356000,12469,2,0,3,1,7,3,1
314813,11694,2,0,3,1,9,3,0
318000,12030,2,0,3,1,7,3,0
322400,11825,2,0,3,1,7,3,0
318000,12085,2,0,3,1,7,3,1
345474,14333,2,1,2,1,7,3,1
415298,14450,2,1,3,1,8,3,0
492000,13641,2,1,3,1,8,3,1
338931,13440,2,1,4,1,11,3,0
450000,15431,2,1,2,1,7,3,1
280000,14154,2,1,3,1,9,3,0
479069,13891,2,0,3,1,8,3,1
395000,14226,2,0,3,1,9,3,0
380000,13693,2,1,3,1,9,3,0
250000,11428,2,0,3,1,7,3,0
440000,14977,2,0,2,1,7,3,1
418000,13654,2,1,4,1,9,3,0
500067,17169,2,1,2,1,7,3,2
260116,16659,2,1,3,1,7,2,0
317000,9591,2,1,4,1,9,3,0
319500,9709,2,1,3,1,8,3,1
325624,10562,1,1,3,1,8,3,1
372000,13615,2,1,3,1,7,3,0
342000,13069,2,1,5,1,11,3,0
354000,12099,2,1,4,1,10,3,1
350000,14277,2,1,3,1,7,3,1
285000,11999,2,1,4,1,10,3,0
281500,12568,2,1,3,1,8,3,1
245700,9926,2,0,3,1,7,3,1
232698,9254,2,0,3,1,7,2,1
250000,10732,2,1,3,1,7,3,0
194700,7577,2,0,2,1,6,2,0
204000,3901,1,1,1,1,5,2,1
200000,3903,1,1,1,1,5,2,1
207000,6289,2,0,2,1,6,2,1
209500,4590,2,0,2,1,6,2,0
209500,4590,2,0,2,1,6,2,0
202500,6442,2,0,2,1,6,2,0
280000,7841,2,0,2,1,6,2,1
277500,7313,2,0,2,1,6,2,1
318061,7820,2,0,2,1,6,2,0
221370,6240,2,0,2,1,6,2,0
200000,3242,2,0,2,1,6,2,1
181755,15810,3,0,3,1,7,2,0
176000,10237,2,1,3,1,6,2,0
178900,10237,2,1,3,1,8,2,0
168165,13204,2,0,3,1,6,2,0
171925,8857,2,1,3,1,7,2,0
198444,9729,2,1,3,1,6,3,1
203000,12216,2,0,3,1,6,2,1
179540,9018,2,1,3,1,8,2,0
176485,8993,2,0,3,1,6,2,0
181134,8899,2,0,3,1,6,2,0
156932,8499,2,1,3,1,6,2,0
166000,8229,2,1,3,1,6,2,0
177594,7713,2,1,3,1,7,2,0
173500,7697,2,0,3,1,6,2,0
172500,3922,2,0,2,1,6,3,0
194201,3922,0,2,2,1,7,3,0
226500,3621,2,0,2,1,7,3,1
185485,3710,2,0,2,1,6,2,0
259000,14572,2,0,3,1,7,3,1
188500,16219,2,0,2,1,5,2,1
175000,11084,2,1,3,1,8,2,1
215000,11796,2,1,4,1,8,2,0
206580,10936,2,1,3,1,6,2,0
183500,8244,2,1,3,1,7,2,0
165500,11950,2,1,3,1,7,2,0
211000,7875,2,1,4,1,8,2,0
181000,8063,2,1,3,1,7,2,0
219500,8740,2,1,4,1,8,2,0
175000,7917,2,1,3,1,7,2,0
170000,9967,2,1,3,1,8,2,0
162000,7750,2,1,3,1,6,2,0
187000,9487,2,1,3,1,7,2,1
185000,9649,2,1,3,1,7,2,0
745000,15623,3,1,4,1,10,3,1
384500,12191,2,1,4,1,8,3,1
248000,11000,2,1,4,1,8,3,0
466500,11400,2,1,2,1,8,3,1
410000,10557,2,1,4,1,9,3,1
322500,11002,2,1,4,1,9,3,1
252000,10790,2,1,4,1,8,3,0
755000,21535,3,1,4,1,10,3,0
269790,9920,2,1,3,1,8,2,1
315750,11787,2,1,3,1,8,3,1
290000,9950,2,1,4,1,9,3,0
290000,12257,2,1,4,1,9,3,0
430000,12692,3,0,4,1,10,2,1
263000,11762,2,1,4,1,9,2,1
330000,9044,2,1,4,1,8,3,0
213133,9910,2,0,3,1,5,2,0
260261,11830,2,0,3,1,6,3,1
320000,11670,2,0,3,1,8,3,0
282922,15256,2,0,3,1,6,3,1
215000,10612,2,0,3,1,7,2,0
419005,12291,2,0,1,1,6,3,1
255000,13501,2,0,3,1,8,3,1
147000,9986,2,0,2,1,7,3,0
235876,9965,3,2,3,1,6,2,0
311872,9416,2,0,3,1,8,3,1
248328,9849,2,0,3,1,7,3,0
227000,10000,2,0,3,1,7,3,0
260000,8847,2,0,3,1,7,2,1
225000,9158,2,0,3,1,7,2,0
249000,8251,2,0,3,1,7,2,1
307000,10084,2,0,3,1,7,2,1
250000,9605,2,1,3,1,7,3,0
221300,8778,2,1,3,1,7,3,0
208900,8640,2,0,3,1,6,2,0
210400,9000,2,0,3,1,6,2,0
255000,8640,2,1,3,1,8,2,0
212109,10411,3,0,3,1,8,2,0
270000,9000,2,1,3,1,8,3,0
303477,9000,2,1,4,1,11,2,0
310013,12217,2,1,3,1,8,3,1
249700,11096,2,0,3,1,7,3,0
227875,10207,3,0,3,1,7,2,0
261329,10440,2,0,2,1,6,2,0
253000,11824,2,0,2,1,5,3,0
265000,10625,2,1,4,1,9,3,0
340000,11143,3,0,4,1,8,2,0
146000,7500,1,1,3,1,6,0,0
147000,7500,1,1,3,1,5,0,0
149000,12450,1,0,3,1,6,2,1
181000,7441,2,0,3,1,7,2,0
201000,8462,2,1,3,1,7,2,0
191750,11613,2,1,3,1,7,2,0
179000,8450,2,0,3,1,6,2,0
215000,16196,2,0,3,1,5,2,1
179200,8012,2,0,2,1,5,2,1
128000,8012,1,1,2,1,5,1,0
144000,9180,1,0,2,1,5,2,1
144000,8400,2,0,4,2,10,2,0
120750,6285,1,0,2,1,5,1,1
132500,8480,1,0,2,1,5,2,1
132000,7420,1,0,3,1,6,2,0
132500,7758,1,0,3,1,6,1,1
129000,6970,1,1,3,1,5,2,1
143900,13673,1,1,3,1,8,1,0
145000,7476,1,1,3,1,5,2,1
128500,9945,1,0,3,1,5,2,1
125500,6173,1,0,3,1,6,1,0
300000,19522,2,1,3,1,7,2,1
294000,17542,2,1,3,1,9,2,1
129000,10751,1,0,2,1,5,2,1
171000,16647,2,0,3,1,6,2,1
147000,12712,1,0,2,1,5,2,1
302000,9572,2,1,4,1,9,2,0
285000,10678,2,1,4,1,9,2,0
214000,4379,2,0,2,1,6,2,1
166000,3523,2,0,2,1,5,2,1
193800,3784,2,0,2,1,5,2,1
208900,4230,2,0,2,1,5,2,0
194000,3606,2,0,2,1,5,2,1
207500,5330,2,1,2,1,5,2,0
199900,4274,1,1,1,1,4,2,1
164700,4251,2,1,2,1,5,2,0
176500,2280,2,1,3,1,6,2,1
176000,3230,2,1,2,1,5,2,0
168500,2117,2,1,2,1,4,2,0
177000,2117,2,1,3,1,4,2,0
177000,2117,2,1,3,1,5,2,0
148800,5105,2,1,2,1,4,2,0
174000,2645,2,1,2,1,5,2,0
239000,7399,2,1,3,1,7,2,0
204000,7321,2,0,3,1,5,2,0
301000,8010,2,1,3,1,8,2,1
312500,8413,2,1,3,1,8,2,1
279700,9466,1,1,1,1,5,2,1
255000,12000,2,1,3,1,8,2,1
194000,16157,1,1,2,1,5,2,1
218000,10768,2,0,3,1,6,2,1
213750,3840,1,0,1,1,4,2,1
187000,9600,2,1,3,1,7,2,0
181500,9600,2,0,3,1,6,2,0
373000,17778,2,0,2,1,7,2,1
190000,18890,2,2,4,2,12,2,0
226000,7050,2,1,3,1,7,2,1
143450,11700,1,1,3,1,7,2,1
240050,8000,2,1,4,1,8,2,1
162500,8723,1,0,3,1,6,2,1
164000,11700,1,1,3,1,6,2,1
185000,11358,2,0,3,1,8,2,0
188500,9547,2,0,2,1,6,2,0
255000,10530,2,1,3,1,8,2,1
136905,11500,2,0,4,2,8,2,0
158500,10738,2,0,3,1,6,2,1
175500,9600,1,1,3,1,6,2,0
127000,10800,1,0,3,1,6,1,1
127000,8050,1,0,3,1,5,1,1
143000,10355,2,0,3,1,5,1,0
156000,10289,1,1,3,1,6,2,1
144000,9503,1,0,2,1,6,1,1
119000,10624,2,0,6,2,10,1,0
103000,10899,2,0,2,2,8,3,0
139900,12342,1,0,3,1,6,1,0
151500,12772,1,0,2,1,5,1,0
126500,8892,1,1,3,1,6,2,0
145000,10482,1,0,3,1,6,1,0
120000,7535,1,0,2,1,5,1,0
124000,7450,1,0,2,1,6,2,0
106500,8339,1,0,3,1,5,1,0
140500,14357,1,0,2,1,6,2,1
137500,8243,1,0,3,1,5,2,0
117600,8680,1,0,3,1,5,1,0
163500,8800,2,0,3,1,6,2,0
161000,9200,2,0,3,1,5,2,0
158000,9350,2,0,3,1,7,1,0
224500,8800,2,1,5,1,8,2,0
147000,11382,1,0,3,1,7,1,0
200000,22002,1,1,3,1,6,2,1
181900,14585,1,0,3,1,7,2,0
150750,7388,1,0,3,1,7,2,1
101800,9842,2,0,2,2,6,2,0
124000,8280,1,0,2,1,4,1,0
138500,12172,1,0,2,1,4,2,0
39300,5000,1,0,1,1,2,0,0
64500,5000,1,0,2,1,4,0,0
64000,3500,1,0,2,1,4,0,1
112000,5175,1,0,2,1,5,1,0
165000,9500,1,1,4,1,9,2,0
144000,9600,1,0,2,1,6,1,1
137000,11345,2,0,4,2,10,2,0
105000,9492,1,0,3,1,6,1,1
146500,9480,1,1,3,1,7,1,0
126000,8668,2,0,4,2,8,3,0
175000,10050,2,0,3,1,6,2,0
158500,9600,1,0,3,1,6,2,1
114500,10150,1,0,2,1,5,1,0
144000,11344,1,1,3,1,7,1,0
129000,18450,2,1,3,1,7,2,0
141000,8760,1,0,2,1,4,1,1
131000,6860,1,0,3,1,6,1,1
142100,8250,1,0,3,1,6,2,1
139000,8176,1,0,3,1,6,1,1
157900,9750,1,1,4,1,7,1,0
139400,9250,1,0,3,1,6,1,0
150000,11988,1,1,3,1,6,1,0
120000,9100,1,0,3,1,6,1,0
174850,9736,1,0,4,1,8,2,0
116000,9770,1,0,2,1,5,1,1
135000,10152,1,0,3,1,6,1,1
163500,12155,2,0,3,1,7,2,0
130000,12198,1,0,3,1,7,1,0
129500,10050,1,0,3,1,5,1,1
142000,11556,1,1,3,1,6,1,0
128600,8078,2,0,4,2,8,2,0
125000,10950,1,0,2,1,5,2,0
136000,7942,1,0,3,1,6,1,0
134500,8923,1,0,2,1,6,1,1
127000,8540,1,0,3,1,5,1,1
130000,7134,1,0,3,1,6,2,0
115000,7150,1,0,4,1,7,1,1
116900,8400,1,0,3,1,5,1,1
132000,13300,1,0,2,1,4,1,0
153000,9532,1,0,3,1,6,1,1
112500,15783,1,0,2,1,6,1,0
138000,14190,2,0,3,1,7,0,0
135000,9600,1,0,2,1,4,2,0
156000,12099,1,0,3,1,7,1,1
301600,21281,3,1,4,1,9,3,0
109000,10134,1,0,2,1,5,1,0
103200,5500,1,0,1,1,4,0,0
128500,10284,2,0,1,1,6,2,1
64500,10800,2,0,4,1,5,1,0
148000,10800,1,1,3,1,6,0,0
86000,5400,1,0,2,1,4,1,0
172000,10090,2,0,4,1,6,1,0
120000,8700,1,0,3,1,5,1,0
128500,8300,1,0,3,1,5,1,1
135000,11606,1,2,5,1,9,2,0
122900,8064,1,0,3,1,6,2,0
119200,11664,1,0,2,1,5,1,0
143000,10496,2,0,3,1,7,1,0
119000,7200,1,0,3,1,6,1,0
102000,7200,1,1,3,1,6,1,0
129000,7200,1,0,3,1,5,2,1
135000,7000,1,0,2,1,6,1,0
152000,7500,1,0,3,1,6,1,1
140000,7315,1,0,3,1,6,1,0
152000,7903,1,1,3,1,6,1,1
156500,8000,1,0,3,1,6,1,1
141000,8000,2,0,6,2,10,0,0
99000,7000,1,0,3,1,7,1,0
187000,9760,2,1,3,1,7,2,0
169500,7590,2,0,4,1,8,1,0
125500,6600,1,0,2,1,5,1,0
130000,6760,1,0,3,1,6,1,1
103000,6978,1,0,2,1,5,2,0
132000,9600,2,0,2,1,7,2,0
127500,6000,1,0,3,1,6,2,0
89500,4480,1,0,2,1,4,1,1
140000,7200,1,0,2,1,4,2,1
99900,3153,1,0,2,1,5,1,0
100000,10800,1,0,2,1,6,1,0
130000,7200,1,0,2,1,5,2,0
135000,9000,1,0,2,1,6,2,0
120000,6000,1,1,2,1,6,1,0
89471,5925,1,0,2,1,7,2,0
85000,5925,1,0,3,1,6,1,0
108500,6000,1,0,2,1,5,1,0
137000,9639,2,1,4,1,7,2,0
110500,3880,1,0,2,1,4,0,0
100000,8520,1,0,2,1,5,2,0
184900,10337,2,1,3,1,7,2,0
145000,9863,1,1,4,1,9,1,0
125000,9600,1,0,3,1,6,1,0
114000,4571,1,0,3,1,6,2,0
90000,13600,2,0,5,2,10,2,0
144100,8398,2,0,3,1,6,2,0
117500,9900,2,0,5,1,8,1,0
124500,3600,1,1,3,1,6,1,0
185000,13500,2,0,3,1,8,2,0
133900,7200,2,0,4,2,9,2,0
152000,5400,2,0,3,1,5,1,0
153500,8100,1,0,2,1,5,2,1
159500,10800,1,1,3,1,8,2,0
87000,9439,1,0,2,1,6,1,0
104500,8626,1,0,2,1,5,1,0
110000,11800,2,0,1,1,6,1,0
136500,6854,1,0,1,1,6,1,1
128250,8674,1,0,3,1,6,1,1
144000,8731,1,0,3,1,6,2,0
210000,8737,1,1,3,1,6,2,0
135000,6125,2,0,3,1,6,1,0
128000,6000,1,1,3,1,6,1,0
131000,6000,1,0,3,1,6,2,0
113000,6120,1,0,2,1,5,1,0
126000,6240,1,1,3,1,6,2,1
132000,6240,1,0,4,1,7,1,1
131750,6240,1,0,3,1,6,1,0
132500,6120,1,0,2,1,6,2,1
137500,6120,1,1,4,1,8,1,0
132000,6120,1,0,2,1,5,2,0
127500,6240,1,0,3,1,6,1,0
102000,6180,1,0,2,1,5,1,0
200000,7755,2,1,4,1,8,1,0
180500,13515,1,0,3,1,8,2,0
165000,8850,1,0,3,1,7,2,0
90000,8550,1,0,4,1,7,2,0
153575,8730,1,0,3,1,7,1,0
140000,5700,1,1,3,1,6,2,1
136000,8520,2,0,5,1,10,1,0
113000,5680,2,0,3,1,7,1,0
117000,5680,1,0,2,1,6,1,0
169500,7758,1,1,4,1,7,1,0
139400,7449,1,0,3,1,6,1,0
202500,13200,3,0,5,1,9,2,0
127000,6882,1,1,3,1,7,0,0
141000,9000,1,1,3,1,6,1,0
212300,9780,1,1,4,1,8,1,0
161000,10320,1,1,3,1,7,2,0
99500,4330,2,0,3,1,5,2,1
101000,7200,1,0,3,1,6,1,0
109900,4800,1,0,2,1,5,2,1
128500,12358,1,1,2,1,7,2,0
122000,10120,1,1,4,2,9,1,0
87000,4388,1,0,3,1,5,0,0
50000,10320,2,0,3,1,6,1,0
219000,12888,1,1,3,1,7,2,1
200500,18030,3,0,3,1,12,0,0
126000,8160,1,1,3,1,7,1,1
108500,4484,1,0,2,1,4,1,1
130000,11235,1,0,3,1,6,1,1
158450,11235,1,0,2,1,6,2,1
115400,14299,1,0,3,1,5,2,1
118500,7943,1,0,3,1,5,1,1
165000,14149,2,0,3,1,5,2,0
123000,11677,1,0,3,1,6,1,1
129000,8400,1,0,3,1,6,1,1
125000,7094,1,0,3,1,5,1,0
108000,8978,1,0,3,1,6,1,0
119900,8425,1,0,2,1,6,2,1
115000,8665,1,0,3,1,5,1,0
134500,8398,1,0,2,1,5,2,1
127000,7742,1,0,3,1,6,1,1
129000,8724,1,0,3,1,5,2,0
143500,8197,1,1,3,1,7,2,0
129000,8169,1,0,3,1,6,1,1
187000,14175,1,0,3,1,6,1,1
158000,16779,3,0,4,1,11,2,0
112000,25339,2,0,3,1,7,2,0
165250,6960,1,1,2,1,6,1,0
150000,11375,1,0,3,1,6,2,0
137000,13770,1,0,3,1,6,1,1
89500,9000,1,0,3,1,5,2,0
302000,115149,2,0,2,1,5,2,1
182000,11075,2,0,3,1,7,2,0
211000,10029,2,1,4,1,8,2,0
216000,17541,2,0,3,1,6,2,0
130000,22692,2,0,3,1,6,2,0
109900,17808,1,0,2,1,4,1,0
255000,12671,3,0,4,1,6,2,0
243000,12615,2,0,4,1,7,2,1
154000,10512,1,1,3,1,6,1,0
118000,5400,1,0,3,1,6,1,0
80000,11515,1,0,3,1,5,1,0
150000,7711,2,0,4,2,8,0,2
86000,9098,1,0,2,1,5,0,1
130000,3869,2,0,2,1,5,1,0
125000,9280,1,0,4,1,7,1,1
136500,11100,1,0,4,1,7,1,1
96000,7550,2,0,4,1,7,1,0
120000,9060,1,0,3,1,7,1,0
228500,23920,2,0,4,1,7,2,0
179900,10357,2,0,3,1,6,2,1
225000,13474,2,1,4,1,8,3,1
301000,10380,2,1,4,1,8,2,1
238000,13125,2,1,4,1,8,3,1
228500,11287,2,1,3,1,7,2,0
220000,9317,2,1,3,1,7,2,1
383970,9965,2,1,4,1,10,3,1
424870,9965,3,0,4,1,11,3,1
250000,9178,2,0,3,1,7,3,0
360000,10481,2,1,3,1,8,3,0
279500,10652,2,0,3,1,7,3,0
200141,11175,2,0,3,1,6,2,0
246500,10235,2,0,3,1,7,3,0
276000,9588,2,1,3,1,10,3,0
203000,8814,2,0,3,1,6,2,1
155835,11103,2,1,3,1,8,2,0
194000,8556,2,0,2,1,5,3,0
195400,6762,2,0,2,1,6,2,1
217000,11750,2,0,3,1,7,3,0
212999,8760,2,0,3,1,7,2,0
175900,7242,2,0,2,1,6,2,0
191000,9316,2,1,3,1,7,2,0
176432,9317,2,0,3,1,6,2,0
277000,14364,2,1,3,1,7,2,1
207000,8883,2,1,3,1,7,2,1
277000,159000,2,0,4,1,7,2,0
240000,53107,2,1,3,1,9,2,1
187500,12205,2,1,5,1,9,2,0
279000,20064,0,1,0,1,5,2,2
139500,14217,1,0,3,1,6,2,0
126000,8775,1,0,3,1,5,1,0
177500,11249,2,0,3,1,6,2,1
175000,10021,2,1,3,1,6,2,1
211000,9531,2,1,3,1,7,2,1
146000,8428,1,0,3,1,5,1,1
147900,16561,1,1,3,1,6,1,1
123600,8070,1,0,3,1,5,0,1
204750,9337,2,1,3,1,7,2,1
235500,10820,2,1,3,1,7,2,0
217000,12352,2,1,3,1,7,2,1
190550,9543,2,1,3,1,7,2,0
217500,8826,2,1,3,1,7,2,1
226000,10665,2,0,3,1,7,2,1
180000,11317,2,1,3,1,8,2,0
131000,11800,1,0,3,1,5,2,0
153500,8660,2,0,3,1,6,2,0
160000,9720,2,0,3,1,6,2,0
134900,8982,1,1,3,1,5,2,0
130000,16300,1,0,3,1,5,1,1
120000,9675,1,0,3,1,5,2,0
112500,7700,1,0,3,1,5,2,1
122000,10356,1,1,3,1,5,2,0
127000,7200,1,0,3,1,5,2,1
117000,7200,1,0,3,1,5,2,0
305900,10386,2,0,3,1,8,3,1
228500,9375,2,1,3,1,7,2,0
270000,11354,2,0,3,1,7,2,1
192000,8749,2,0,3,1,6,2,0
213000,8749,2,1,3,1,7,2,1
200000,8158,2,1,3,1,7,2,0
267000,16226,2,1,4,1,9,2,0
228000,11927,2,0,3,1,7,2,0
275000,12728,2,1,4,1,7,2,1
211000,15295,2,1,3,1,7,2,1
285000,11248,2,0,3,1,7,3,1
240000,10000,2,1,3,1,8,2,1
131500,4435,1,0,1,1,3,2,1
246900,17227,1,1,1,1,5,2,1
219500,8200,2,1,4,1,8,2,0
185000,8450,2,0,3,1,6,2,1
179400,8145,2,1,3,1,7,2,0
213500,9245,2,1,3,1,8,2,0
179600,8500,2,0,3,1,7,2,0
173500,8769,2,0,2,1,5,2,1
167840,8334,2,0,3,1,6,2,0
168675,8333,2,1,3,1,7,2,0
167000,9045,2,1,3,1,6,2,0
140000,9170,1,0,2,1,6,2,1
118500,9825,1,0,2,1,4,1,1
110000,8308,1,0,2,1,4,2,0
94750,10921,1,0,3,1,6,1,1
122000,16287,1,0,3,1,7,2,1
110000,8240,1,0,2,1,5,2,0
118500,11841,1,0,3,1,5,0,1
133500,6285,1,0,3,1,7,2,1
148000,7917,1,1,3,1,6,1,1
141000,9555,2,1,5,2,11,2,0
155000,8536,1,1,2,1,5,2,0
157000,7024,1,1,2,1,5,2,1
171500,7023,2,1,3,1,6,2,1
183850,39290,2,1,2,1,15,3,1
184750,40094,3,1,3,1,11,3,1
140000,3675,1,0,2,1,5,2,1
131750,6400,1,0,2,1,4,1,1
61500,6882,2,0,2,2,6,0,0
111000,10215,1,0,3,1,5,1,0
98500,8741,2,0,4,2,8,0,0
79000,4270,1,0,3,1,6,0,0
108500,10042,1,0,2,1,4,1,1
110000,9450,1,0,3,1,5,2,0
112000,11767,1,1,2,1,6,1,0
125000,8172,1,0,2,1,4,1,0
79275,8172,1,0,3,1,5,2,1
119000,8190,1,0,3,1,5,1,1
200000,10896,2,0,8,2,14,0,0
150000,10890,2,0,6,2,12,0,2
165000,10592,1,1,3,1,7,1,0
96500,10594,1,0,2,1,5,1,0
136500,7223,1,0,3,1,6,1,0
146500,6821,2,0,2,1,8,1,0
175000,7200,1,1,3,1,7,1,1
148500,4000,1,0,2,1,5,1,1
141500,6720,1,0,3,1,7,1,0
189950,7642,1,1,3,1,7,1,0
135000,7155,1,0,3,1,6,1,0
164000,7128,2,0,4,1,7,1,0
90350,4280,1,0,2,1,4,1,0
139000,5362,2,0,3,1,8,2,0
119750,6305,1,0,2,1,5,1,0
145000,7136,2,0,4,2,8,2,0
145000,6270,2,0,4,2,8,3,0
238000,7230,2,1,4,1,8,2,0
153500,13108,1,1,2,1,7,2,0
239000,22420,2,1,4,1,10,3,1
359100,12168,2,1,4,1,10,2,0
188000,7810,2,0,4,1,7,1,0
220000,11275,1,1,3,1,7,2,0
140000,6221,2,0,3,1,5,2,0
315000,10570,2,1,3,1,10,2,0
259500,7259,2,1,3,1,9,1,1
257500,14442,2,0,3,1,7,2,1
219500,13125,1,1,3,1,6,1,0
217000,21000,2,0,3,1,7,2,1
201000,25485,1,1,3,1,6,2,0
215000,21579,2,0,3,1,7,2,0
123900,1782,1,0,2,1,5,2,0
170000,17871,2,0,4,1,7,2,0
200000,3907,1,0,1,1,4,2,1
198000,20693,2,0,3,1,7,2,0
200624,32668,3,0,4,2,9,2,1
315000,18044,2,1,2,1,6,2,0
115000,8500,2,0,3,1,7,0,0
141000,7000,1,0,3,1,6,2,0
87000,5000,1,0,2,1,5,2,0
129850,7288,2,0,3,1,6,0,0
100000,6060,1,0,3,1,4,1,0
150909,9060,2,0,3,1,6,*,0
75200,3672,1,0,2,1,5,1,0
118400,8263,1,0,2,1,6,1,0
67000,8967,1,0,2,1,6,1,0
152000,13710,1,1,4,1,6,1,0
68104,11067,1,0,1,1,4,1,0
119600,8250,2,0,4,2,9,0,0
140000,6565,1,0,3,1,6,2,1
124900,6060,1,0,2,1,5,1,0
375000,5568,2,0,2,1,5,2,1
235000,4750,2,0,2,1,5,2,1
183500,12150,2,0,2,1,5,2,1
156000,7540,1,0,2,1,5,2,1
134000,9187,1,1,3,1,5,2,0
215000,10000,2,0,3,1,6,3,0
245000,12864,1,1,1,1,4,2,1
210000,9928,2,0,3,1,6,2,1
148000,8750,1,0,3,0,4,1,0
143000,8410,1,0,2,1,5,2,1
244000,4054,2,0,2,1,5,2,1
330000,9763,1,1,1,1,5,1,1
170000,16905,1,1,2,1,5,1,0
257000,19958,2,1,4,1,7,2,0
231713,8368,2,0,3,1,7,2,0
267300,8298,2,0,2,1,6,2,0
265900,9037,2,0,2,1,6,2,0
239000,10991,2,0,3,1,7,3,0
248900,10656,2,0,3,1,6,3,0
174000,10331,2,0,3,1,6,2,0
187500,13758,2,1,3,1,7,2,0
204000,9303,2,1,3,1,7,2,1
180500,6718,2,0,2,1,5,2,0
187500,9590,2,0,3,1,6,2,1
282000,11305,2,0,2,1,6,3,1
178000,7777,2,0,3,1,7,2,0
270000,14536,2,0,3,1,9,3,1
279900,11800,3,1,5,1,10,2,1
186700,35133,1,1,3,1,5,3,1
283463,15306,2,0,3,1,7,3,1
392000,12633,2,0,3,1,8,3,0
281213,12665,2,1,4,1,9,3,0
147000,8402,1,0,3,1,6,0,0
130000,43500,1,0,2,1,9,4,0
140000,6710,0,1,0,1,3,2,2
132250,25286,1,0,3,1,5,2,1
143000,25000,2,0,4,2,8,2,0
168000,32463,1,0,3,1,7,4,1
129900,4224,1,0,3,1,6,2,1
134000,4224,1,1,3,1,6,2,1
85500,1504,1,1,3,1,5,1,0
106500,1533,1,0,2,1,4,1,1
93900,1495,1,1,3,1,5,0,0
75000,2001,1,1,3,1,6,1,0
84500,1936,1,0,1,1,3,0,1
75190,1890,1,1,3,1,6,1,0
146800,11333,1,0,3,1,5,2,1
153500,9129,1,0,1,1,4,2,1
188000,15957,2,0,3,1,6,2,2
196000,33983,1,1,3,1,6,2,1
157000,8286,1,1,3,1,6,2,1
138000,6723,1,0,2,1,5,0,0
129500,7244,1,0,2,1,5,2,1
80000,27697,1,0,3,1,6,1,0
129500,7599,1,0,2,1,4,2,1
135000,11000,1,1,3,1,6,2,1
124500,8314,1,0,2,1,5,1,0
139000,11625,1,0,2,1,4,1,1
93500,10712,1,0,3,1,5,0,0
124500,10447,1,0,3,1,5,1,0
149900,11027,2,0,2,1,5,2,1
157500,10533,1,0,2,1,5,1,1
169000,11765,1,1,3,1,7,3,0
252000,39384,1,1,1,1,4,2,1
192100,11727,2,0,3,1,8,2,0
183500,8238,2,1,3,1,6,2,1
222000,13006,2,1,4,1,8,2,0
170000,13041,2,1,3,1,7,2,0
187500,13031,2,1,3,1,6,2,0
202000,9783,2,1,3,1,7,2,0
185000,11207,2,1,3,1,8,2,1
320000,19378,2,1,4,1,9,2,1
240000,14859,2,0,3,1,7,3,0
250000,13128,2,1,4,1,7,2,0
239900,10463,2,1,3,1,8,3,0
309000,13751,2,1,3,1,9,3,1
274725,23257,2,1,3,1,9,2,0
270000,13108,2,1,4,1,9,2,0
183500,8076,2,0,3,1,6,2,0
165600,7685,2,1,3,1,6,2,0
176500,9084,2,1,3,1,8,2,0
130000,3701,2,0,2,1,5,2,0
239000,5306,2,0,2,1,5,2,1
275000,6563,2,0,2,1,5,2,1
457347,16023,3,1,3,1,11,3,1
545224,18062,3,1,5,1,10,3,0
356383,12292,2,1,4,1,11,3,0
556581,16056,3,1,4,1,11,3,0
361919,12438,2,1,4,1,10,3,0
535000,16052,2,1,4,1,11,3,1
401179,15922,3,1,4,1,10,3,0
438780,13682,3,1,3,1,10,3,0
169000,14762,2,0,2,1,7,2,0
145000,34650,1,0,3,1,5,2,1
318000,8147,2,0,2,1,7,2,1
319000,11302,2,0,3,1,7,3,1
470000,18261,2,1,3,1,8,3,1
202500,14145,2,0,3,1,8,2,1
229000,13837,2,1,4,1,9,3,0
235000,16659,2,1,3,1,9,2,1
190000,18800,2,1,3,1,6,2,1
169000,10464,1,0,2,1,5,2,1
241500,10400,2,0,3,1,6,2,0
188900,10530,2,1,4,1,8,2,0
207500,10240,2,0,3,1,7,2,1
250000,16692,3,1,5,1,12,2,1
179900,11475,2,1,3,1,6,2,1
172000,9927,1,0,2,1,5,2,1
294323,9512,2,1,3,1,8,2,1
184500,10530,3,0,3,1,8,2,0
153500,10140,1,1,3,1,6,2,1
162900,10140,2,1,4,1,8,2,0
181000,10140,1,1,3,1,5,2,1
155000,10000,2,0,3,1,6,2,0
138800,15870,1,0,3,1,6,1,1
116050,9353,1,0,3,1,5,1,0
88000,8125,1,0,3,1,5,0,0
97500,7200,1,0,3,1,5,2,0
190000,8773,2,0,2,1,4,2,1
105500,2760,1,1,3,1,6,2,0
125500,2160,1,1,3,1,7,2,0
83000,1953,1,1,2,1,5,1,0
116000,1890,1,1,3,1,6,1,0
91500,1680,1,1,3,1,7,0,0
118000,1680,1,1,3,1,7,1,0
89000,1680,1,1,2,1,5,1,0
108000,1680,1,1,3,1,6,1,0
94500,1680,1,1,2,1,5,1,0
146300,4043,2,0,2,1,4,2,0
145000,7514,1,0,3,1,6,1,1
123000,7838,1,0,3,1,6,1,1
137500,2280,2,0,2,1,4,1,1
144000,2179,2,1,3,1,6,2,0
315000,16737,2,0,3,1,8,3,1
412083,16387,2,1,4,1,11,3,1
342643,16259,3,1,4,1,9,3,0
252000,16163,2,0,2,1,6,3,0
465000,13891,2,1,2,1,7,3,1
293000,12228,2,0,4,1,8,3,0
415000,14780,2,0,2,1,7,3,1
326000,16033,2,0,3,1,8,3,1
325300,14215,3,1,4,1,9,3,0
309000,13418,3,1,4,1,9,3,0
300000,13975,2,1,4,1,10,3,0
275500,10240,2,1,3,1,8,3,0
338500,9942,2,1,3,1,8,2,1
345000,11924,3,0,4,1,11,3,1
344133,12867,2,1,3,1,8,2,0
298236,10672,2,1,4,1,10,3,0
329900,11643,2,1,4,1,10,3,1
360000,12378,2,0,3,1,8,3,1
281000,11065,2,1,3,1,8,3,0
372397,13758,2,0,2,1,6,3,1
378000,14828,2,0,2,1,7,3,1
374000,11846,2,0,2,1,6,3,1
437154,20431,2,1,4,1,10,3,1
275000,10927,2,1,3,1,8,2,1
279000,13215,2,1,3,1,9,3,1
185850,7052,2,0,2,1,6,2,1
282500,5911,2,0,2,1,6,2,1
202500,6955,2,0,2,1,6,2,0
202665,6792,2,0,2,1,6,2,0
332200,7740,2,0,1,1,6,3,1
310090,6373,2,0,2,1,6,2,1
171750,3136,2,0,2,1,6,2,0
169990,10237,2,0,3,1,6,2,0
170440,10237,2,1,3,1,8,2,0
169985,10237,2,1,3,1,8,2,0
179665,17104,2,1,3,1,7,2,1
219210,14054,2,1,4,1,9,3,0
174190,11660,2,0,3,1,6,2,0
172785,15578,2,1,3,1,8,2,0
258000,11631,2,1,4,1,9,3,0
185101,9073,2,1,3,1,8,2,0
210250,3087,2,0,2,1,6,2,1
234000,3196,2,0,2,1,7,2,0
215000,3196,2,0,2,1,7,2,0
246990,2938,2,0,2,1,5,2,1
178740,3072,2,0,2,1,6,2,0
225000,3072,2,0,2,1,7,2,1
167240,3010,2,0,2,1,5,2,0
156820,3010,2,0,2,1,6,2,0
213490,3013,2,0,2,1,6,2,0
264561,3982,2,0,1,1,7,3,1
246578,4045,2,0,2,1,6,3,1
192140,21930,2,1,4,1,7,2,0
183200,7861,2,1,3,1,7,2,1
178000,9056,2,1,3,1,6,2,0
201490,9171,2,1,3,1,7,2,0
230500,11194,2,1,3,1,7,2,0
180000,7875,2,1,3,1,8,2,0
172400,8121,2,1,3,1,7,2,0
215000,8658,2,1,3,1,9,2,0
199900,11214,2,1,4,1,10,2,0
173000,10852,2,1,3,1,7,2,1
287602,12104,3,1,4,1,8,3,0
230000,8738,2,1,4,1,8,2,0
348000,9452,2,1,3,1,7,3,1
286000,9660,2,1,3,1,7,3,1
300000,9545,2,1,3,1,7,3,1
625000,35760,3,1,4,1,10,3,1
405000,9233,2,1,4,1,9,3,1
280000,12011,2,1,3,1,7,2,1
258000,12090,2,1,4,1,10,2,0
350000,10019,2,1,4,1,9,3,0
584500,17242,3,1,4,1,11,3,1
321000,10236,2,1,4,1,9,3,1
290000,10120,2,1,4,1,8,3,1
315000,12585,2,1,3,1,8,3,1
252000,12447,2,1,3,1,8,2,0
336820,15218,2,1,2,1,6,3,1
423000,20896,1,1,1,1,8,3,1
290000,10182,2,0,3,1,8,2,1
232000,8688,2,0,3,1,7,3,0
199000,10936,2,0,3,1,7,2,0
198600,8640,2,0,2,1,5,2,0
405749,13162,3,1,3,1,11,3,1
232600,11216,2,0,3,1,7,2,0
266000,10728,2,1,3,1,8,3,0
186500,8125,2,1,3,1,6,2,0
200825,8125,2,1,3,1,7,2,0
197000,8125,2,1,3,1,6,2,0
185000,7200,2,0,2,1,5,2,0
176000,7500,2,0,3,1,6,2,0
187750,7200,2,0,2,1,5,2,1
139500,7733,1,1,3,1,5,0,0
186800,11024,2,0,3,1,6,2,0
132000,13072,1,1,3,1,6,0,0
142500,13072,1,1,3,1,6,2,0
158000,13072,1,1,3,1,5,2,1
184000,7800,2,1,3,1,8,2,0
184900,7632,2,1,3,1,7,2,0
187000,8304,2,1,3,1,7,2,0
175900,7153,2,1,3,1,7,2,0
248500,9370,2,1,3,1,7,2,1
172000,7175,2,0,2,1,5,2,1
151000,7175,2,0,2,1,5,2,0
150000,9019,2,1,3,1,6,2,0
107000,8900,1,0,2,1,5,1,1
119900,7800,1,0,3,1,6,1,1
129500,9100,1,0,3,1,6,2,1
125000,9100,2,0,6,2,10,2,1
119500,8927,2,0,4,2,10,2,0
144000,9240,1,0,2,1,6,2,0
151000,8471,1,0,3,1,6,2,1
126000,9308,1,0,3,1,5,1,0
116000,8450,1,0,3,1,5,1,0
133500,8638,1,0,2,1,5,2,1
120875,13052,1,1,3,1,5,1,0
137000,13526,1,0,3,1,5,1,1
124000,8020,1,0,3,1,6,0,0
135000,6993,1,0,3,1,6,1,0
129200,8789,1,0,3,1,6,1,0
260000,14330,2,0,3,1,9,2,1
260000,16059,2,1,4,1,9,2,0
334000,11025,2,1,3,1,9,3,1
310000,14541,2,1,5,1,10,3,1
268000,13346,2,1,4,1,9,2,1
262000,12461,2,0,2,1,5,3,1
176400,3628,1,1,1,1,5,2,0
197000,3316,1,1,1,1,4,2,1
151000,3180,2,1,2,1,4,2,0
147400,2544,2,1,2,1,4,2,0
149900,2544,2,1,2,1,4,2,0
144152,3180,2,1,2,1,4,2,0
166000,2998,2,1,2,1,4,2,0
183900,3735,2,1,3,1,6,2,1
165000,2651,2,1,3,1,6,2,1
139000,4447,2,1,2,1,4,2,0
200000,8314,2,1,3,1,6,1,0
221000,7180,2,0,3,1,6,2,0
270000,9549,1,1,2,1,6,2,1
165000,11250,1,1,3,1,6,2,1
214000,3760,1,0,1,1,4,2,1
188000,3640,1,0,1,1,4,2,1
190000,3874,1,0,1,1,4,2,1
170000,3876,1,0,1,1,4,2,1
385000,50271,0,1,0,1,5,3,2
146500,13110,2,0,2,1,6,2,1
170000,10192,3,0,4,1,8,2,0
262500,20781,2,0,3,1,9,2,0
179900,11700,2,1,3,1,7,2,0
250000,11029,2,1,4,1,9,2,1
165150,10400,1,2,4,1,8,2,1
164500,10140,2,0,3,1,7,2,1
140000,9600,1,1,3,1,6,2,0
135500,9750,2,0,3,1,6,1,0
142000,9600,1,0,3,1,6,2,1
155000,8640,1,1,4,1,7,2,1
157500,9360,1,0,2,1,4,2,1
138500,8400,1,1,3,1,5,1,1
140000,8400,1,0,3,1,6,1,1
124400,9759,1,0,3,1,6,1,1
158000,9600,1,0,3,1,6,1,1
146000,9230,1,1,1,1,6,2,1
190000,14803,2,1,4,1,8,2,0
136500,10659,1,0,3,1,6,1,1
129900,9100,1,0,3,1,5,2,1
145000,8393,2,0,4,2,8,2,0
185900,8800,2,0,3,1,7,1,1
160000,8800,1,0,3,1,6,1,1
167000,10368,1,1,3,1,7,2,1
157500,9350,1,1,4,1,7,2,0
140000,10382,1,0,2,1,6,1,1
150000,8973,1,1,3,1,6,2,0
151500,10800,1,0,3,1,6,1,1
129800,8550,1,0,2,1,4,1,1
137000,11425,1,0,2,1,4,1,0
137000,9724,1,0,2,1,5,1,0
121600,4712,1,1,3,1,5,1,1
85500,5900,1,0,2,1,4,0,0
79900,5825,1,0,1,1,5,2,0
127000,7438,1,0,3,1,5,2,0
161000,9600,1,0,3,1,7,2,1
146500,10858,1,0,2,1,6,1,1
135000,9600,1,0,3,1,7,1,1
137900,10680,2,0,4,1,7,2,0
133000,9490,1,0,3,1,5,1,1
137000,9462,1,1,3,1,7,1,0
121000,9888,1,0,2,1,5,1,0
119000,8917,2,0,4,2,8,2,0
172000,12700,1,0,3,1,6,2,1
98600,8500,1,0,2,1,6,2,0
226000,14200,2,1,4,1,8,2,0
118000,9000,1,0,2,1,5,1,0
235000,25419,2,0,4,1,8,2,1
135000,9723,1,0,2,1,5,2,0
132500,7728,1,0,3,1,6,2,1
143000,8163,1,0,3,1,6,1,1
132000,8400,1,1,3,1,6,1,0
145250,11600,1,1,3,1,7,1,0
162000,9610,1,1,3,1,7,2,0
148000,10000,1,0,3,1,6,1,1
141000,14850,1,0,2,1,6,1,1
153000,10152,1,0,3,1,6,1,1
134450,10011,1,0,2,1,6,1,0
135960,7032,1,0,2,1,4,2,1
156000,8092,1,0,3,1,6,1,1
140000,11310,1,0,2,1,5,2,0
139500,12778,1,0,2,1,4,1,1
155000,10170,1,1,2,1,5,2,0
127000,7700,1,0,3,1,6,2,0
133500,11050,1,0,2,1,6,1,0
125000,13600,1,1,3,1,6,1,1
142000,15428,1,0,2,1,4,1,1
167000,21299,1,1,3,1,7,3,1
159000,13300,1,0,2,1,6,2,1
180000,22136,2,1,5,1,10,3,2
127000,7500,1,1,3,1,6,2,0
112000,7000,2,0,2,1,6,1,0
99800,10410,1,0,2,1,5,1,0
117000,5400,1,0,2,1,4,1,0
108480,5400,1,0,2,1,4,1,0
68000,10914,1,0,2,1,4,2,0
86900,7008,1,0,1,1,5,1,0
120000,10800,1,0,2,1,5,2,1
155500,7200,2,0,3,1,7,2,0
80000,10818,1,1,4,1,7,2,0
105000,10410,1,0,3,1,6,3,0
160000,10800,2,0,3,2,10,2,0
170000,10800,2,0,3,1,7,2,0
160000,8658,2,0,3,1,6,2,0
159950,13400,1,0,3,1,6,2,1
165000,10184,1,0,3,1,6,1,0
159000,9786,1,1,3,1,7,2,0
147000,9510,1,1,3,1,6,1,0
115000,7800,1,0,2,1,5,1,0
159500,8910,1,0,3,1,6,2,0
120000,7332,1,0,2,1,4,1,1
129900,7100,1,0,2,1,5,1,1
183000,10800,2,0,3,1,6,2,1
157500,11650,2,0,2,1,5,2,0
277500,18275,3,0,3,1,9,2,1
207500,16321,1,0,2,1,6,1,1
147500,12144,1,1,3,1,6,1,0
135000,10800,1,1,4,1,6,0,0
109500,7200,1,0,2,1,5,2,0
109900,7200,1,0,2,1,4,2,0
133700,7560,1,0,3,1,6,1,0
81400,8544,2,0,2,2,6,2,0
87500,8544,2,0,2,2,6,2,0
93500,8544,2,0,2,2,6,2,0
119000,8512,2,0,4,2,8,0,0
141000,7945,1,0,3,1,6,1,1
146000,7000,1,0,3,1,6,1,0
155000,7590,1,1,3,1,6,2,0
134500,10205,1,0,3,1,6,1,1
120000,7400,1,0,3,1,6,2,1
105000,7000,1,0,3,1,5,1,0
124000,7000,1,0,3,1,6,0,1
169000,9856,2,0,5,1,8,2,0
107000,9906,1,0,3,1,8,1,0
135000,9600,1,0,3,1,6,1,1
111500,5520,1,0,4,1,9,1,0
156500,9600,1,0,3,1,7,2,0
178000,9600,1,1,3,1,6,2,0
139900,6451,1,0,4,1,7,2,1
105000,3960,1,0,2,1,5,1,0
110000,5684,1,0,2,1,5,1,0
111500,7745,2,0,4,2,9,2,0
108000,7741,1,0,2,1,5,1,0
111500,5633,1,0,2,1,5,1,0
124000,9000,1,0,3,1,8,1,0
105000,7200,1,0,2,1,5,1,0
116000,4400,1,0,2,1,6,2,0
96900,7614,1,0,2,1,7,1,0
135500,6000,1,0,3,1,5,2,1
139000,6000,1,1,5,1,7,2,0
61500,7830,1,0,1,1,3,1,1
120000,9576,1,1,3,1,5,1,0
126175,5820,1,0,3,1,6,1,1
64000,5747,1,0,2,1,5,1,0
137000,9142,2,0,4,2,9,1,0
87000,9600,2,0,4,2,8,3,1
163000,10800,1,1,2,1,6,2,0
155000,6300,2,0,5,1,9,2,0
79000,5000,1,0,3,1,6,1,0
144000,8850,1,0,3,1,7,1,0
114504,3600,1,0,3,1,7,1,0
157000,7200,1,1,4,1,8,2,1
125000,11340,1,0,4,1,7,1,0
475000,22950,2,1,4,1,12,3,0
93500,5976,2,0,2,2,8,0,0
125000,9750,1,0,3,1,5,2,0
64500,4761,1,0,2,1,5,0,0
100000,7446,1,0,2,1,4,0,0
140200,6435,1,0,3,1,6,1,0
202500,11737,1,0,2,1,9,1,0
159000,5000,2,0,3,1,7,2,0
119900,7800,1,0,3,1,5,2,1
114500,6240,1,0,3,1,6,2,0
115000,6240,1,0,3,1,7,1,0
75000,6120,1,0,3,1,6,1,1
88000,6120,1,0,3,1,6,1,0
80500,6240,1,0,2,1,3,0,0
149000,6240,1,0,3,1,8,1,0
110000,6120,1,0,3,1,7,1,0
110500,6000,1,0,2,1,5,2,0
89000,6000,1,0,2,1,4,1,0
113000,6380,1,0,2,1,5,1,0
109000,11672,1,0,2,1,4,1,0
220000,33120,2,0,5,1,8,2,0
129000,9873,1,0,3,1,6,2,1
117000,5310,1,0,2,1,5,1,0
52500,4118,1,0,2,1,4,0,0
107000,10320,2,0,3,1,7,2,0
116500,7518,1,0,3,1,7,1,0
72000,9000,1,0,2,1,4,0,0
119500,8600,2,0,3,1,7,1,0
125500,7200,1,1,2,1,6,1,0
91000,9786,1,0,3,1,6,1,0
84500,6780,1,0,2,1,5,0,1
90000,7200,1,0,3,1,6,1,0
137500,12375,1,0,3,1,7,1,1
150000,11136,2,0,4,2,8,2,0
131000,21370,1,0,3,1,7,2,0
130000,6930,1,0,3,1,6,1,0
125000,8250,1,0,2,1,6,1,0
80000,5220,1,0,2,1,4,1,0
157000,5500,2,0,2,1,4,1,1
148000,11235,1,1,3,1,6,2,0
90000,10791,2,0,2,2,6,2,0
154500,8414,1,0,3,1,6,1,0
153600,11327,1,0,3,1,6,2,0
164500,11777,1,0,3,1,6,2,1
132000,10366,1,0,2,1,4,1,0
142500,9000,1,0,3,1,6,1,1
158000,11553,1,1,3,1,7,1,0
149500,7844,1,1,3,1,6,2,0
165000,9535,1,1,3,1,7,2,1
180000,10335,2,1,3,1,7,2,0
160500,7176,1,0,3,1,6,2,1
156500,9662,2,0,6,2,10,2,0
157000,8235,2,0,6,2,10,2,0
172500,13650,2,0,4,1,8,2,1
155000,13125,2,0,3,1,8,2,1
170000,17920,1,1,3,1,6,2,1
105000,17529,1,0,2,1,5,1,0
145000,10246,0,0,0,1,3,1,1
168000,14175,1,1,3,1,6,2,1
278000,20355,1,0,2,1,6,2,1
164000,13050,1,0,1,1,4,2,1
225000,15593,2,0,3,1,7,2,0
130000,10820,1,0,2,1,4,2,1
142500,13350,1,0,3,1,5,2,1
148400,1700,2,1,2,1,7,1,1
190000,5271,1,1,2,1,6,2,1
146000,9375,1,1,3,1,6,2,0
128000,6488,1,0,3,1,6,1,0
225000,7800,3,0,3,1,8,1,1
274970,19690,2,0,4,1,8,2,0
235000,19950,2,0,4,1,8,3,0
415000,19800,3,1,5,1,7,2,0
182000,11679,2,0,3,1,6,2,0
135000,12048,1,0,3,1,7,2,0
137000,10519,1,0,3,1,6,1,0
136900,9525,2,0,4,1,7,1,0
149900,9525,1,1,5,1,7,1,0
123500,6420,1,0,2,1,6,1,0
93000,8335,1,0,3,1,5,0,0
91500,7585,1,0,4,1,7,1,1
180000,11200,2,0,3,1,5,2,1
209000,12128,2,1,4,1,9,2,0
215000,9554,2,1,3,1,8,2,0
224500,9069,2,0,2,2,8,4,2
229800,11003,2,1,3,1,7,3,0
183600,7488,2,0,2,1,6,2,0
194000,7406,2,0,2,1,6,2,1
193879,6762,2,0,2,1,6,2,0
221500,11210,2,0,3,1,7,3,0
204900,8990,2,0,2,1,5,2,0
239799,8760,2,1,3,1,7,3,0
233555,13377,2,0,3,1,7,2,1
260000,11645,2,0,3,1,7,2,1
294900,11645,2,1,2,1,6,3,1
209700,10984,2,1,3,1,8,2,0
225000,9316,2,0,3,1,7,2,0
181000,9316,2,1,3,1,6,2,0
220000,10041,2,1,3,1,8,2,1
190000,36500,2,0,4,1,7,2,0
180000,21453,1,0,1,1,4,2,1
280000,70761,2,0,2,1,5,2,1
158900,12000,2,0,3,1,6,2,1
148000,8846,1,0,2,1,5,2,0
145000,13015,1,1,3,1,5,2,0
187000,12438,2,1,3,1,6,2,0
193000,8685,2,0,3,1,5,2,1
156000,13568,1,0,3,1,5,2,0
235000,9100,2,0,3,1,6,2,1
217000,9236,2,0,3,1,6,2,1
214000,10264,2,0,3,1,6,2,0
196000,9272,2,1,3,1,7,2,0
217000,13426,2,1,3,1,7,2,1
200000,13450,2,1,3,1,8,2,1
192500,14006,2,1,3,1,7,2,0
205000,13704,2,0,3,1,6,3,0
132500,10780,1,0,3,1,6,2,0
157500,8340,1,1,3,1,6,1,0
174000,10385,2,0,3,1,6,3,0
128500,9920,1,1,3,1,5,1,0
128500,9560,1,0,3,1,5,1,0
149900,9800,1,0,3,1,5,2,1
119900,7200,1,0,3,1,5,1,0
137000,3612,2,1,3,1,5,2,0
255000,11367,2,1,3,1,7,2,1
222000,9930,2,1,3,1,6,2,0
214000,9468,2,1,3,1,7,2,1
220000,11088,1,1,1,1,5,2,1
275000,14781,2,0,3,1,7,3,0
197000,8726,2,1,4,1,8,2,0
230000,8125,2,0,3,1,6,3,1
268500,10566,2,1,3,1,8,3,1
210900,21533,2,1,4,1,9,2,0
227000,11250,2,1,3,1,8,3,0
237000,11250,2,1,4,1,8,2,1
274300,9750,2,1,3,1,8,2,1
216837,9100,2,0,3,1,8,2,0
133000,4435,1,0,1,1,4,2,1
155900,4435,1,0,1,1,3,2,1
233230,15611,2,1,3,1,8,2,0
207000,8810,2,0,3,1,7,2,1
195000,12393,2,1,4,1,8,2,0
200000,9135,2,0,3,1,7,2,1
203160,8581,2,1,3,1,7,2,0
195800,8400,2,1,3,1,6,2,0
212900,10084,2,0,3,1,7,3,0
196500,11645,2,1,3,1,7,2,0
198000,8772,2,0,3,1,6,2,1
173900,8846,2,1,3,1,6,2,0
163990,8461,2,1,3,1,8,2,0
164990,8767,2,0,3,1,6,2,0
98000,8777,2,0,3,1,6,2,1
149900,17755,1,1,3,1,6,2,0
102000,8877,1,0,2,1,6,2,0
127500,7840,2,0,4,0,4,0,0
127500,9400,2,0,4,0,4,0,0
119900,16133,1,0,2,1,5,1,1
196500,7162,2,1,3,1,8,2,0
117250,8050,1,0,2,1,4,0,1
229000,11060,2,1,3,1,9,2,0
145000,3675,1,0,2,1,5,2,1
140000,3675,2,0,2,1,5,2,1
142500,3675,1,0,2,1,5,2,1
134000,2522,2,0,3,1,7,2,0
130000,2522,2,0,3,1,7,2,0
130000,2522,2,0,3,1,7,2,0
137500,2522,2,0,3,1,7,2,0
130000,3363,2,0,3,1,7,2,0
97900,6956,1,0,3,1,5,1,0
92000,7822,2,0,3,1,7,2,0
107000,8707,1,1,4,1,9,1,0
81000,8410,1,0,5,1,8,0,0
104900,9738,1,0,4,1,7,1,1
115000,8172,1,0,2,1,5,2,1
125000,16012,2,0,3,1,6,2,0
116000,8248,1,1,3,1,7,1,0
83000,8248,1,0,3,1,8,0,0
118500,6204,1,0,5,1,10,1,1
35000,8088,1,0,1,1,3,1,0
121000,11388,1,0,3,1,5,1,0
160000,7082,2,0,5,2,10,0,0
140000,8400,1,0,2,1,6,1,0
137000,10890,2,0,3,1,6,1,1
128000,6430,1,0,3,1,6,1,1
160000,7000,1,0,3,1,6,1,1
138887,13132,1,1,4,1,9,1,0
149000,4899,1,0,3,1,6,1,0
102000,6000,2,0,4,1,7,0,0
167000,9399,1,1,4,1,7,1,0
200100,7588,1,1,4,1,9,1,0
131000,10164,2,0,3,1,6,1,0
112000,6191,1,0,4,1,6,1,0
140000,9550,1,0,3,1,7,3,1
195000,21780,1,1,3,1,7,1,0
230000,11435,1,0,3,1,7,2,0
194000,12400,1,1,2,1,7,1,0
137500,11600,1,0,2,1,5,1,0
250000,11500,1,1,3,1,6,1,0
218000,8170,2,0,4,1,7,2,0
239000,16560,2,1,4,1,9,2,0
199500,12320,1,1,3,1,8,3,0
210000,14210,1,1,3,1,8,2,0
230000,14115,1,0,2,1,6,2,0
217500,12984,2,0,3,1,7,2,1
257000,15600,2,0,4,1,9,1,1
157000,15750,1,0,2,1,5,1,1
223000,16381,2,0,3,1,7,2,1
102000,7288,1,0,2,1,5,1,1
145400,7000,1,0,3,1,6,2,0
72000,8534,1,0,2,1,4,0,0
85000,7030,1,0,2,1,4,1,0
106500,8765,1,0,2,1,6,1,0
139000,9060,2,0,4,1,6,1,0
108000,11040,1,1,3,1,7,1,0
51689,12366,1,0,2,1,5,0,0
35311,9000,0,0,1,1,4,1,1
115000,9000,2,0,4,2,8,0,0
78000,8520,1,0,2,1,6,0,0
375000,5748,2,0,2,1,5,2,2
300000,3842,2,0,2,1,5,2,1
242500,23580,2,0,3,1,6,2,0
145000,8385,2,0,4,2,10,2,0
209000,9116,2,0,3,1,7,2,0
135000,10530,1,0,2,1,4,2,1
148000,11080,2,0,3,1,6,2,1
171000,11070,3,0,5,2,9,3,0
335000,26178,2,1,4,1,9,2,1
230000,8239,2,0,2,1,5,1,0
250764,50102,1,0,2,1,6,2,1
228000,16669,2,1,2,1,6,2,0
176000,13811,2,0,2,1,5,2,1
180000,8049,2,0,2,1,6,2,1
250000,11170,2,1,4,1,8,2,0
202000,8098,2,0,2,1,5,2,1
312500,14331,2,0,3,1,7,3,1
320000,13618,2,0,3,1,8,3,1
369900,11443,2,0,2,1,7,3,1
359900,11577,2,0,3,1,9,3,1
81500,31250,1,1,3,1,6,1,0
215000,7020,2,0,2,2,8,4,2
164000,4500,2,0,2,1,5,2,1
153500,4500,2,0,2,1,5,2,1
84500,17217,1,0,3,1,6,0,0
104500,2665,1,1,3,1,5,1,0
127000,2665,2,0,4,1,6,1,0
151400,3964,2,1,5,1,10,2,1
126500,10172,1,0,3,1,5,1,1
146500,11836,2,0,4,2,8,3,0
73000,1470,1,0,1,1,3,0,1
79400,1484,1,1,3,1,5,1,0
140000,13384,1,0,3,1,8,1,1
92000,1533,1,0,1,1,3,0,1
87550,1533,1,1,3,1,5,1,0
79500,1526,1,1,3,1,5,0,0
90500,1936,1,1,3,1,5,0,0
71000,1894,1,1,3,1,6,1,0
150900,12640,2,0,4,2,8,2,0
188000,9297,2,0,4,2,8,2,2
160000,17400,2,0,3,1,5,2,1
131000,20000,1,0,4,1,7,2,1
142500,7937,1,0,3,1,6,2,1
131000,8885,1,0,2,1,5,2,1
132000,10441,1,0,3,1,6,0,0
170000,10010,1,0,2,1,6,2,1
188000,9627,2,1,3,1,9,3,0
